Bulan/Tahun,Provinsi Jawa Batat,,,,,,,,,,,,,,,,,,,,,,,,,,,,,,,,,,,,,,,,,,,,,,,,,,,,,
,Kabupaten Bogor,,Kabupaten Sukabumi,,Kabupaten Cianjur,,Kabupaten Bandung,,Kabupaten Garut,,Kabupaten Tasikmalaya,,Kabupaten Ciamis,,Kabupaten Kuningan,,Kabupaten Cirebon,,Kabupaten Majalengka,,Kabupaten Sumedang,,Kabupaten Indramayu,,Kabupaten Subang,,Kabupaten Purwakarta,,Kabupaten Karawang,,Kabupaten Bekasi,,Kabupaten Bandung Barat,,Kabupaten Pangandaran,,Kota Bogor,,Kota Sukabumi,,Kota Bandung,,Kota Cirebon,,Kota Bekasi,,Kota Depok,,Kota Cimahi,,Kota Tasikmalaya,,Kota Banjar,
,Konsumsi (ton),Produksi (ton),Konsumsi (ton),Produksi (ton),Konsumsi (ton),Produksi (ton),Konsumsi (ton),Produksi (ton),Konsumsi (ton),Produksi (ton),Konsumsi (ton),Produksi (ton),Konsumsi (ton),Produksi (ton),Konsumsi (ton),Produksi (ton),Konsumsi (ton),Produksi (ton),Konsumsi (ton),Produksi (ton),Konsumsi (ton),Produksi (ton),Konsumsi (ton),Produksi (ton),Konsumsi (ton),Produksi (ton),Konsumsi (ton),Produksi (ton),Konsumsi (ton),Produksi (ton),Konsumsi (ton),Produksi (ton),Konsumsi (ton),Produksi (ton),Konsumsi (ton),Produksi (ton),Konsumsi (ton),Produksi (ton),Konsumsi (ton),Produksi (ton),Konsumsi (ton),Produksi (ton),Konsumsi (ton),Produksi (ton),Konsumsi (ton),Produksi (ton),Konsumsi (ton),Produksi (ton),Konsumsi (ton),Produksi (ton),Konsumsi (ton),Produksi (ton),Konsumsi (ton),Produksi (ton)
Jan-10,38465.95,17054.69,20864.41,25509.80,19346.09,14531.10,28355.00,14531.10,21429.79,28303.90,14931.38,26940.01,10047.50,22943.33,9058.28,11867.45,18084.42,16156.22,10202.34,18378.86,9745.42,14348.34,14553.17,42998.55,12820.82,29113.96,7601.03,7561.11,18969.13,35260.60,23504.87,18676.55,13465.47,8462.30,3357.51,5119.26,8475.90,263.70,2663.00,686.30,21339.26,258.83,2593.93,136.11,20843.90,180.67,15531.51,152.82,4825.96,120.47,5661.82,2798.46,1561.51,1515.79
Feb-10,42587.30,41224.92,18845.27,61662.77,17473.88,35124.85,28953.99,35124.85,19355.94,68416.71,13486.41,65119.89,9075.16,55459.04,8181.67,28686.22,16334.31,39053.13,9215.01,44425.71,8802.31,34683.07,13144.79,103936.90,11580.09,70374.80,6865.45,18276.86,17133.41,85232.57,21230.20,45145.31,12162.36,20455.23,3032.59,12374.38,7655.65,637.42,2405.29,1658.93,19274.17,625.64,2342.90,329.00,18826.75,436.73,14028.46,369.40,4358.93,291.20,5113.91,6764.49,1410.40,3664.00
Mar-10,41213.52,83522.81,20864.41,124930.47,19346.09,71163.91,29545.45,71163.91,21429.79,138614.12,14931.38,131934.67,10047.50,112361.53,9058.28,58119.07,18084.42,79122.70,10202.34,90007.71,9745.42,70268.85,14553.17,210579.00,12820.82,142581.27,7601.03,37029.41,18969.13,172683.52,23504.87,91465.63,13465.47,41442.85,3357.51,25070.82,8475.90,1291.43,2663.00,3361.04,21339.26,1267.56,2593.93,666.57,20843.90,884.83,15531.51,748.41,4825.96,589.99,5661.82,13705.05,1561.51,7423.37
Apr-10,42587.30,67541.09,20191.36,101025.58,18722.02,57547.02,30127.49,57547.02,20738.50,112090.94,14449.73,106689.57,9723.39,90861.65,8766.08,46998.25,17501.05,63982.93,9873.23,72785.14,9431.05,56823.22,14083.71,170285.66,12407.24,115298.99,7355.84,29944.00,18357.23,139641.30,22746.65,73964.09,13031.10,33512.95,3249.21,20273.63,8202.48,1044.32,2577.10,2717.92,20650.89,1025.02,2510.25,539.02,20171.51,715.52,15030.50,605.21,4670.29,477.10,5479.18,11082.65,1511.14,6002.94
May-10,41213.52,46872.16,20864.41,70109.73,19346.09,39936.48,30701.80,39936.48,21429.79,77788.86,14931.38,74040.42,10047.50,63056.16,9058.28,32615.84,18084.42,44402.87,10202.34,50511.43,9745.42,39434.18,14553.17,118174.83,12820.82,80015.18,7601.03,20780.53,18969.13,96908.26,23504.87,51329.60,13465.47,23257.31,3357.51,14069.50,8475.90,724.74,2663.00,1886.18,21339.26,711.34,2593.93,374.07,20843.90,496.56,15531.51,420.00,4825.96,331.10,5661.82,7691.14,1561.51,4165.92
Jun-10,42587.30,47211.00,20191.36,70616.55,18722.02,40225.17,31265.53,40225.17,20738.50,78351.19,14449.73,74575.65,9723.39,63511.99,8766.08,32851.62,17501.05,44723.85,9873.23,50876.57,9431.05,39719.24,14083.71,119029.10,12407.24,80593.61,7355.84,20930.76,18357.23,97608.80,22746.65,51700.65,13031.10,23425.44,3249.21,14171.20,8202.48,729.98,2577.10,1899.82,20650.89,716.48,2510.25,376.77,20171.51,500.15,15030.50,423.04,4670.29,333.49,5479.18,7746.73,1511.14,4196.03
Jul-10,42587.30,57658.41,20864.41,86243.41,19346.09,49126.68,31818.53,49126.68,21429.79,95689.67,14931.38,91078.64,10047.50,77566.68,9058.28,40121.42,18084.42,54620.88,10202.34,62135.14,9745.42,48508.79,14553.17,145369.28,12820.82,98428.32,7601.03,25562.56,18969.13,119208.84,23504.87,63141.59,13465.47,28609.30,3357.51,17307.17,8475.90,891.52,2663.00,2320.23,21339.26,875.04,2593.93,460.15,20843.90,610.82,15531.51,516.65,4825.96,407.29,5661.82,9461.02,1561.51,5124.58
Aug-10,41213.52,49808.73,20864.41,74502.15,19346.09,42438.52,32357.99,42438.52,21429.79,82662.38,14931.38,78679.10,10047.50,67006.67,9058.28,34659.24,18084.42,47184.74,10202.34,53676.00,9745.42,41904.75,14553.17,125578.55,12820.82,85028.18,7601.03,22082.45,18969.13,102979.62,23504.87,54545.43,13465.47,24714.40,3357.51,14950.96,8475.90,770.14,2663.00,2004.35,21339.26,755.91,2593.93,397.51,20843.90,527.67,15531.51,446.32,4825.96,351.84,5661.82,8172.99,1561.51,4426.92
Sep-10,42587.30,47041.58,20191.36,70363.14,18722.02,40080.82,32886.06,40080.82,20738.50,78070.02,14449.73,74308.04,9723.39,63284.08,8766.08,32733.73,17501.05,44563.36,9873.23,50694.00,9431.05,39576.71,14083.71,118601.97,12407.24,80304.40,7355.84,20855.64,18357.23,97258.53,22746.65,51515.13,13031.10,23341.37,3249.21,14120.35,8202.48,727.36,2577.10,1893.00,20650.89,713.91,2510.25,375.42,20171.51,498.35,15030.50,421.52,4670.29,332.29,5479.18,7718.94,1511.14,4180.98
Oct-10,41213.52,29422.17,20864.41,44008.64,19346.09,25068.56,33399.06,25068.56,21429.79,48828.91,14931.38,46475.97,10047.50,39581.04,9058.28,20473.32,18084.42,27872.16,10202.34,31706.57,9745.42,24753.26,14553.17,74179.62,12820.82,50226.40,7601.03,13044.17,18969.13,60830.37,23504.87,32220.14,13465.47,14598.87,3357.51,8831.57,8475.90,454.93,2663.00,1183.98,21339.26,446.52,2593.93,234.81,20843.90,311.69,15531.51,263.64,4825.96,207.83,5661.82,4827.81,1561.51,2614.99
Nov-10,42587.30,26316.18,20191.36,39362.81,18722.02,22422.17,25610.97,22422.17,20738.50,43674.23,14449.73,41569.68,9723.39,35402.62,8766.08,18312.03,17501.05,24929.80,9873.23,28359.43,9431.05,22140.15,14083.71,66348.76,12407.24,44924.19,7355.84,11667.14,18357.23,54408.74,22746.65,28818.79,13031.10,13057.72,3249.21,7899.26,8202.48,406.90,2577.10,1058.99,20650.89,399.38,2510.25,210.02,20171.51,278.79,15030.50,235.81,4670.29,185.89,5479.18,4318.16,1511.14,2338.94
Dec-10,42379.15,25130.26,20864.41,37588.95,19346.09,21411.72,26151.99,21411.72,21429.79,41706.08,14931.38,39696.37,10047.50,33807.22,9058.28,17486.81,18084.42,23806.36,10202.34,27081.43,9745.42,21142.42,14553.17,63358.79,12820.82,42899.71,7601.03,11141.37,18969.13,51956.84,23504.87,27520.09,13465.47,12469.28,3357.51,7543.28,8475.90,388.56,2663.00,1011.27,21339.26,381.38,2593.93,200.56,20843.90,266.23,15531.51,225.18,4825.96,177.51,5661.82,4123.56,1561.51,2233.54
Jan-11,39503.69,15753.98,21024.33,22917.47,19471.79,14700.38,26686.21,14700.38,21678.42,28709.50,15035.84,25604.26,10105.06,21677.05,9114.00,12153.69,18227.91,16553.34,10252.37,18570.45,9820.66,14567.03,14633.63,44790.39,12959.66,33549.03,7719.69,6894.15,19217.76,35953.32,24498.33,18193.66,13669.32,7055.39,3377.07,5119.26,8641.46,289.91,2695.65,771.76,21490.39,179.41,2618.48,121.61,21471.80,145.07,16129.29,157.79,4902.66,103.69,5700.02,2459.40,1571.07,1342.43
Feb-11,43736.23,38080.81,18989.72,55396.53,17587.42,35534.04,27211.92,35534.04,19580.50,69397.13,13580.76,61891.08,9127.15,52398.18,8232.00,29378.12,16463.91,40013.04,9260.21,44888.84,8870.27,35211.69,13217.47,108268.16,11705.50,81095.34,6972.62,16664.67,17357.98,86907.03,22127.52,43978.04,12346.48,17054.43,3050.26,12374.38,7805.19,700.77,2434.78,1865.51,19410.67,433.67,2365.08,293.96,19393.88,350.65,14568.39,381.41,4428.21,250.65,5148.41,5944.90,1419.03,3244.95
Mar-11,42325.39,77152.77,21024.33,112234.88,19471.79,71992.93,27730.66,71992.93,21678.42,140600.49,15035.84,125393.03,10105.06,106160.14,9114.00,59520.88,18227.91,81067.52,10252.37,90946.02,9820.66,71339.85,14633.63,219354.26,12959.66,164301.38,7719.69,33763.09,19217.76,176076.03,24498.33,89100.72,13669.32,34552.73,3377.07,25070.82,8641.46,1419.78,2695.65,3779.58,21490.39,878.63,2618.48,595.57,21471.80,710.43,16129.29,772.75,4902.66,507.83,5700.02,12044.53,1571.07,6574.35
Apr-11,43736.23,62389.93,20346.12,90759.24,18843.67,58217.41,28239.83,58217.41,20979.11,113697.22,14550.81,101399.64,9779.09,85846.88,8820.00,48131.82,17639.91,65555.62,9921.65,73543.91,9503.86,57689.29,14161.57,177381.80,12541.60,132863.05,7470.67,27302.67,18597.84,142384.67,23708.06,72051.70,13228.37,27941.22,3268.13,20273.63,8362.70,1148.11,2608.69,3056.37,20797.15,710.50,2534.01,481.61,20779.16,574.50,15608.99,624.89,4744.51,410.66,5516.15,9739.86,1520.39,5316.38
May-11,42325.39,43297.36,21024.33,62985.09,19471.79,40401.71,28739.32,40401.71,21678.42,78903.59,15035.84,70369.32,10105.06,59576.01,9114.00,33402.52,18227.91,45494.28,10252.37,51038.00,9820.66,40035.21,14633.63,123099.41,12959.66,92204.29,7719.69,18947.51,19217.76,98812.10,24498.33,50002.43,13669.32,19390.65,3377.07,14069.50,8641.46,796.77,2695.65,2121.06,21490.39,493.08,2618.48,334.23,21471.80,398.69,16129.29,433.66,4902.66,284.99,5700.02,6759.27,1571.07,3689.46
Jun-11,43736.23,43610.35,20346.12,63440.40,18843.67,40693.77,29226.57,40693.77,20979.11,79473.98,14550.81,70878.01,9779.09,60006.68,8820.00,33643.98,17639.91,45823.16,9921.65,51406.95,9503.86,40324.62,14161.57,123989.29,12541.60,92870.83,7470.67,19084.48,18597.84,99526.41,23708.06,50363.90,13228.37,19530.82,3268.13,14171.20,8362.70,802.53,2608.69,2136.40,20797.15,496.64,2534.01,336.64,20779.16,401.57,15608.99,436.79,4744.51,287.05,5516.15,6808.13,1520.39,3716.13
Jul-11,43736.23,53260.97,21024.33,77479.25,19471.79,49698.98,29703.53,49698.98,21678.42,97060.92,15035.84,86562.74,10105.06,73285.67,9114.00,41089.12,18227.91,55963.45,10252.37,62782.89,9820.66,49248.13,14633.63,151427.11,12959.66,113422.39,7719.69,23307.71,19217.76,121550.79,24498.33,61509.02,13669.32,23852.83,3377.07,17307.17,8641.46,980.12,2695.65,2609.16,21490.39,606.54,2618.48,411.14,21471.80,490.44,16129.29,533.45,4902.66,350.57,5700.02,8314.71,1571.07,4538.48
Aug-11,42325.39,46009.97,21024.33,66931.14,19471.79,42932.91,30166.90,42932.91,21678.42,83846.94,15035.84,74778.00,10105.06,63308.48,9114.00,35495.21,18227.91,48344.53,10252.37,54235.56,9820.66,42543.44,14633.63,130811.67,12959.66,97980.95,7719.69,20134.58,19217.76,105002.74,24498.33,53135.12,13669.32,20605.48,3377.07,14950.96,8641.46,846.69,2695.65,2253.95,21490.39,523.97,2618.48,355.17,21471.80,423.67,16129.29,460.83,4902.66,302.84,5700.02,7182.74,1571.07,3920.61
Sep-11,43736.23,43453.86,20346.12,63212.75,18843.67,40547.74,28355.00,40547.74,20979.11,79188.78,14550.81,70623.66,9779.09,59791.34,8820.00,33523.25,17639.91,45658.72,9921.65,51222.47,9503.86,40179.92,14161.57,123544.35,12541.60,92537.56,7470.67,19015.99,18597.84,99169.26,23708.06,50183.16,13228.37,19460.73,3268.13,14120.35,8362.70,799.65,2608.69,2128.73,20797.15,494.86,2534.01,335.44,20779.16,400.13,15608.99,435.23,4744.51,286.02,5516.15,6783.70,1520.39,3702.79
Oct-11,42325.39,27178.22,21024.33,39536.42,19471.79,25360.59,28953.99,25360.59,21678.42,49528.64,15035.84,44171.58,10105.06,37396.51,9114.00,20967.12,18227.91,28557.25,10252.37,32037.10,9820.66,25130.54,14633.63,77270.84,12959.66,57877.63,7719.69,11893.55,19217.76,62025.43,24498.33,31387.07,13669.32,12171.72,3377.07,8831.57,8641.46,500.14,2695.65,1331.41,21490.39,309.51,2618.48,209.80,21471.80,250.26,16129.29,272.21,4902.66,178.89,5700.02,4242.87,1571.07,2315.91
Nov-11,43736.23,24309.12,20346.12,35362.71,18843.67,22683.37,29545.45,22683.37,20979.11,44300.09,14550.81,39508.56,9779.09,33448.70,8820.00,18753.70,17639.91,25542.57,9921.65,28655.07,9503.86,22477.60,14161.57,69113.65,12541.60,51767.71,7470.67,10638.00,18597.84,55477.64,23708.06,28073.65,13228.37,10886.80,3268.13,7899.26,8362.70,447.34,2608.69,1190.86,20797.15,276.84,2534.01,187.65,20779.16,223.84,15608.99,243.48,4744.51,160.01,5516.15,3794.96,1520.39,2071.43
Dec-11,43522.47,23213.65,21024.33,33769.11,19471.79,21661.16,30127.49,21661.16,21678.42,42303.73,15035.84,37728.13,10105.06,31941.35,9114.00,17908.58,18227.91,24391.51,10252.37,27363.75,9820.66,21464.66,14633.63,65999.08,12959.66,49434.83,7719.69,10158.60,19217.76,52977.57,24498.33,26808.53,13669.32,10396.19,3377.07,7543.28,8641.46,427.18,2695.65,1137.20,21490.39,264.36,2618.48,179.19,21471.80,213.75,16129.29,232.50,4902.66,152.80,5700.02,3623.94,1571.07,1978.08
Jan-12,40537.44,15662.31,21172.03,26138.56,19585.79,15175.18,30701.80,15175.18,21914.48,29286.47,15131.76,22519.46,10163.02,19146.25,9169.63,10631.15,18371.36,14221.66,10304.06,19022.58,9889.98,14166.11,14715.71,43573.46,13099.50,31452.22,7832.82,6161.07,19457.55,34060.57,25516.77,15586.12,13866.43,7302.06,3396.41,5119.26,8803.26,202.23,2728.39,659.04,21626.99,428.07,2643.64,64.16,22104.55,118.70,16737.94,125.41,4978.27,99.83,5734.29,2228.77,1581.17,1263.52
Feb-12,44880.74,37859.23,19123.13,63182.61,17690.39,36681.72,31265.53,36681.72,19793.73,70791.79,13667.40,54434.46,9179.50,46280.67,8282.25,25697.82,16593.48,34376.87,9306.89,45981.74,8932.89,34242.59,13291.61,105326.58,11831.80,76026.89,7074.80,14892.66,17574.57,82331.85,23047.40,37675.07,12524.51,17650.68,3067.73,12374.38,7951.33,488.83,2464.35,1593.05,19534.05,1034.75,2387.80,155.09,19965.40,286.92,15118.14,303.14,4496.50,241.32,5179.36,5387.43,1428.15,3054.20
Mar-12,43432.98,76703.84,21172.03,128009.69,19585.79,74318.16,31818.53,74318.16,21914.48,143426.11,15131.76,110285.72,10163.02,93765.90,9169.63,52064.49,18371.36,69648.48,10304.06,93160.26,9889.98,69376.43,14715.71,213394.54,13099.50,154032.56,7832.82,30172.93,19457.55,166806.58,25516.77,76330.72,13866.43,35760.77,3396.41,25070.82,8803.26,990.39,2728.39,3227.57,21626.99,2096.43,2643.64,314.22,22104.55,581.31,16737.94,614.17,4978.27,488.92,5734.29,10915.09,1581.17,6187.90
Apr-12,44880.74,62026.91,20489.07,103515.61,18953.99,60097.72,32357.99,60097.72,21207.56,115982.17,14643.64,89183.04,9835.18,75824.22,8873.84,42102.18,17778.73,56321.56,9971.67,75334.46,9570.95,56101.56,14241.01,172562.46,12676.93,124559.12,7580.14,24399.48,18829.89,134888.89,24693.65,61725.18,13419.12,28918.10,3286.85,20273.63,8519.29,800.89,2640.38,2609.99,20929.34,1695.28,2558.36,254.09,21391.50,470.08,16198.01,496.65,4817.68,395.37,5549.31,8826.53,1530.16,5003.87
May-12,43432.98,43045.43,21172.03,71837.76,19585.79,41706.61,32886.06,41706.61,21914.48,80489.30,15131.76,61891.24,10163.02,52620.49,9169.63,29218.07,18371.36,39086.03,10304.06,52280.60,9889.98,38933.36,14715.71,119754.88,13099.50,86441.53,7832.82,16932.75,19457.55,93610.19,25516.77,42836.04,13866.43,20068.58,3396.41,14069.50,8803.26,555.80,2728.39,1811.28,21626.99,1176.49,2643.64,176.33,22104.55,326.22,16737.94,344.67,4978.27,274.38,5734.29,6125.44,1581.17,3472.59
Jun-12,44880.74,43356.60,20489.07,72357.07,18953.99,42008.10,33399.06,42008.10,21207.56,81071.15,14643.64,62338.65,9835.18,53000.88,8873.84,29429.29,17778.73,39368.58,9971.67,52658.54,9570.95,39214.81,14241.01,120620.58,12676.93,87066.41,7580.14,17055.15,18829.89,94286.89,24693.65,43145.70,13419.12,20213.66,3286.85,14171.20,8519.29,559.82,2640.38,1824.37,20929.34,1185.00,2558.36,177.61,21391.50,328.58,16198.01,347.16,4817.68,276.36,5549.31,6169.72,1530.16,3497.69
Jul-12,44880.74,52951.07,21172.03,88369.10,19585.79,51304.15,27440.32,51304.15,21914.48,99011.53,15131.76,76133.68,10163.02,64729.54,9169.63,35941.75,18371.36,48080.53,10304.06,64311.44,9889.98,47892.72,14715.71,147312.93,13099.50,106333.50,7832.82,20829.32,19457.55,115151.81,25516.77,52693.49,13866.43,24686.78,3396.41,17307.17,8803.26,683.70,2728.39,2228.09,21626.99,1447.23,2643.64,216.91,22104.55,401.29,16737.94,423.98,4978.27,337.52,5734.29,7535.02,1581.17,4271.70
Aug-12,43432.98,45742.25,21172.03,76338.44,19585.79,44319.55,28019.99,44319.55,21914.48,85532.00,15131.76,65768.76,10163.02,55917.19,9169.63,31048.60,18371.36,41534.80,10304.06,55556.02,9889.98,41372.56,14715.71,127257.60,13099.50,91857.14,7832.82,17993.60,19457.55,99474.92,25516.77,45519.74,13866.43,21325.89,3396.41,14950.96,8803.26,590.62,2728.39,1924.76,21626.99,1250.20,2643.64,187.38,22104.55,346.66,16737.94,366.26,4978.27,291.57,5734.29,6509.20,1581.17,3690.15
Sep-12,44880.74,43201.02,20489.07,72097.41,18953.99,41857.36,28592.37,41857.36,21207.56,80780.22,14643.64,62114.94,9835.18,52810.68,8873.84,29323.68,17778.73,39227.31,9971.67,52469.57,9570.95,39074.08,14241.01,120187.73,12676.93,86753.97,7580.14,16993.95,18829.89,93948.54,24693.65,42990.87,13419.12,20141.12,3286.85,14120.35,8519.29,557.81,2640.38,1817.83,20929.34,1180.75,2558.36,176.97,21391.50,327.40,16198.01,345.91,4817.68,275.37,5549.31,6147.58,1530.16,3485.14
Oct-12,43432.98,27020.08,21172.03,45093.34,19585.79,26179.69,29155.63,26179.69,21914.48,50524.00,15131.76,38849.80,10163.02,33030.45,9169.63,18340.50,18371.36,24534.73,10304.06,32817.10,9889.98,24438.89,14715.71,75171.44,13099.50,54260.29,7832.82,10628.87,19457.55,58760.13,25516.77,26888.65,13866.43,12597.27,3396.41,8831.57,8803.26,348.88,2728.39,1136.96,21626.99,738.50,2643.64,110.69,22104.55,204.77,16737.94,216.35,4978.27,172.23,5734.29,3845.00,1581.17,2179.78
Nov-12,44880.74,24167.68,20489.07,40333.01,18953.99,23416.00,29711.42,23416.00,21207.56,45190.38,14643.64,34748.58,9835.18,29543.55,8873.84,16404.36,17778.73,21944.69,9971.67,29352.73,9570.95,21858.97,14241.01,67235.87,12676.93,48532.23,7580.14,9506.82,18829.89,52557.04,24693.65,24050.11,13419.12,11267.42,3286.85,7899.26,8519.29,312.05,2640.38,1016.94,20929.34,660.54,2558.36,99.00,21391.50,183.16,16198.01,193.51,4817.68,154.05,5549.31,3439.10,1530.16,1949.67
Dec-12,44661.38,23078.57,21172.03,38515.42,19585.79,22360.77,30256.96,22360.77,21914.48,43153.90,15131.76,33182.65,10163.02,28212.19,9169.63,15665.11,18371.36,20955.76,10304.06,28029.96,9889.98,20873.91,14715.71,64205.93,13099.50,46345.16,7832.82,9078.40,19457.55,50188.59,25516.77,22966.31,13866.43,10759.66,3396.41,7543.28,8803.26,297.99,2728.39,971.11,21626.99,630.77,2643.64,94.54,22104.55,174.90,16737.94,184.79,4978.27,147.11,5734.29,3284.12,1581.17,1861.81
Jan-13,41568.08,17705.57,21306.74,24298.89,19686.85,18495.88,30792.13,18495.88,22138.27,29041.60,15217.55,26747.53,10222.20,20978.86,9225.32,11687.57,18516.97,17792.77,10355.20,20872.00,9953.73,15950.26,14797.86,45451.55,13242.62,32367.30,7944.42,6432.62,19687.47,36312.55,26559.02,17009.87,14055.60,7999.06,3416.00,5119.26,8961.96,113.48,2758.62,687.53,21749.84,432.19,2669.32,75.46,22739.74,124.27,17358.99,59.51,5051.43,90.08,5765.23,2499.79,1589.82,1301.69
Feb-13,46021.81,42798.23,19244.79,58735.73,17781.68,44708.58,31314.19,44708.58,19995.86,70199.89,13744.88,64654.62,9232.95,50710.48,8332.55,28251.41,16725.01,43009.02,9353.08,50452.17,8990.47,38555.26,13365.81,109866.34,11961.08,78238.85,7175.60,15549.05,17782.23,87775.37,23988.80,41116.57,12695.38,19335.47,3085.42,12374.38,8094.67,274.30,2491.66,1661.91,19645.01,1044.69,2411.00,182.40,20539.12,300.39,15679.09,143.84,4562.58,217.75,5207.31,6042.53,1435.97,3146.48
Mar-13,44537.23,86710.39,21306.74,119000.21,19686.85,90580.81,31825.22,90580.81,22138.27,142226.91,15217.55,130992.03,10222.20,102740.82,9225.32,57238.12,18516.97,87137.45,10355.20,102217.49,9953.73,78114.02,14797.86,222592.21,13242.62,158514.05,7944.42,31502.81,19687.47,177835.29,26559.02,83303.31,14055.60,39174.20,3416.00,25070.82,8961.96,555.73,2758.62,3367.09,21749.84,2116.58,2669.32,369.56,22739.74,608.59,17358.99,291.43,5051.43,441.17,5765.23,12242.33,1589.82,6374.84
Apr-13,46021.81,70118.74,20619.42,96230.05,19051.79,73248.58,32321.67,73248.58,21424.13,115012.43,14726.66,105927.29,9892.45,83081.82,8927.73,46285.86,17919.65,70464.09,10021.16,82658.63,9632.65,63167.25,14320.51,180000.19,12815.44,128183.10,7688.15,25474.89,19052.39,143807.31,25702.28,67363.59,13602.19,31678.39,3305.80,20273.63,8672.86,449.39,2669.63,2722.81,21048.23,1711.58,2583.21,298.84,22006.20,492.14,16799.02,235.67,4888.48,356.76,5579.26,9899.81,1538.53,5155.05
May-13,44537.23,48661.00,21306.74,66781.73,19686.85,50833.04,28355.00,50833.04,22138.27,79816.32,15217.55,73511.41,10222.20,57657.12,9225.32,32121.46,18516.97,48900.67,10355.20,57363.43,9953.73,43836.81,14797.86,124916.52,13242.62,88956.50,7944.42,17679.06,19687.47,99799.39,26559.02,46748.98,14055.60,21984.17,3416.00,14069.50,8961.96,311.87,2758.62,1889.57,21749.84,1187.80,2669.32,207.39,22739.74,341.53,17358.99,163.55,5051.43,247.58,5765.23,6870.27,1589.82,3577.50
Jun-13,46021.81,49012.77,20619.42,67264.48,19051.79,51200.51,28953.99,51200.51,21424.13,80393.30,14726.66,74042.82,9892.45,58073.92,8927.73,32353.66,17919.65,49254.17,10021.16,57778.11,9632.65,44153.70,14320.51,125819.53,12815.44,89599.56,7688.15,17806.86,19052.39,100520.83,25702.28,47086.93,13602.19,22143.09,3305.80,14171.20,8672.86,314.12,2669.63,1903.23,21048.23,1196.39,2583.21,208.89,22006.20,344.00,16799.02,164.73,4888.48,249.37,5579.26,6919.94,1538.53,3603.36
Jul-13,46021.81,59858.89,21306.74,82149.57,19686.85,62530.77,29545.45,62530.77,22138.27,98183.69,15217.55,90427.90,10222.20,70925.20,9225.32,39513.27,18516.97,60153.71,10355.20,70563.93,9953.73,53924.55,14797.86,153662.37,13242.62,109427.21,7944.42,21747.37,19687.47,122765.27,26559.02,57506.88,14055.60,27043.18,3416.00,17307.17,8961.96,383.64,2758.62,2324.40,21749.84,1461.14,2669.32,255.12,22739.74,420.13,17358.99,201.18,5051.43,304.56,5765.23,8451.26,1589.82,4400.76
Aug-13,44537.23,51709.64,21306.74,70965.64,19686.85,54017.76,30127.49,54017.76,22138.27,84816.86,15217.55,78116.95,10222.20,61269.37,9225.32,34133.89,18516.97,51964.32,10355.20,60957.28,9953.73,46583.21,14797.86,132742.62,13242.62,94529.67,7944.42,18786.66,19687.47,106051.88,26559.02,49677.83,14055.60,23361.49,3416.00,14950.96,8961.96,331.41,2758.62,2007.96,21749.84,1262.22,2669.32,220.38,22739.74,362.93,17358.99,173.79,5051.43,263.09,5765.23,7300.70,1589.82,3801.63
Sep-13,46021.81,48836.88,20619.42,67023.10,19051.79,51016.78,30701.80,51016.78,21424.13,80104.81,14726.66,73777.12,9892.45,57865.52,8927.73,32237.56,17919.65,49077.42,10021.16,57570.77,9632.65,43995.25,14320.51,125368.03,12815.44,89278.03,7688.15,17742.96,19052.39,100160.11,25702.28,46917.95,13602.19,22063.63,3305.80,14120.35,8672.86,313.00,2669.63,1896.40,21048.23,1192.10,2583.21,208.14,22006.20,342.77,16799.02,164.14,4888.48,248.48,5579.26,6895.10,1538.53,3590.43
Oct-13,44537.23,30545.04,21306.74,41919.61,19686.85,31908.45,31265.53,31908.45,22138.27,50101.57,15217.55,46143.91,10222.20,36192.00,9225.32,20162.99,18516.97,30695.48,10355.20,36007.65,9953.73,27516.84,14797.86,78411.46,13242.62,55838.96,7944.42,11097.34,19687.47,62645.16,26559.02,29344.84,14055.60,13799.70,3416.00,8831.57,8961.96,195.76,2758.62,1186.11,21749.84,745.60,2669.32,130.18,22739.74,214.38,17358.99,102.66,5051.43,155.41,5765.23,4312.54,1589.82,2245.64
Nov-13,46021.81,27320.51,20619.42,37494.32,19051.79,28540.00,31818.53,28540.00,21424.13,44812.54,14726.66,41272.67,9892.45,32371.35,8927.73,18034.46,17919.65,27455.07,10021.16,32206.46,9632.65,24611.99,14320.51,70133.85,12815.44,49944.25,7688.15,9925.83,19052.39,56031.95,25702.28,26247.02,13602.19,12342.92,3305.80,7899.26,8672.86,175.10,2669.63,1060.89,21048.23,666.89,2583.21,116.44,22006.20,191.75,16799.02,91.82,4888.48,139.00,5579.26,3857.28,1538.53,2008.57
Dec-13,45796.87,26089.33,21306.74,35804.66,19686.85,27253.86,32357.99,27253.86,22138.27,42793.09,15217.55,39412.75,10222.20,30912.55,9225.32,17221.75,18516.97,26217.83,10355.20,30755.09,9953.73,23502.87,14797.86,66973.32,13242.62,47693.54,7944.42,9478.53,19687.47,53506.90,26559.02,25064.21,14055.60,11786.69,3416.00,7543.28,8961.96,167.21,2758.62,1013.09,21749.84,636.83,2669.32,111.19,22739.74,183.11,17358.99,87.68,5051.43,132.74,5765.23,3683.46,1589.82,1918.06
Jan-14,42599.29,16378.52,21427.90,28407.97,19776.25,14654.55,32886.06,14654.55,22348.61,30794.76,15292.43,27887.00,10280.86,14200.77,9281.02,11285.83,18663.06,16460.03,10406.58,20076.15,10010.27,15041.13,14880.48,43091.39,13386.00,30540.11,8050.63,6297.78,19906.32,35532.94,27625.82,13897.32,14239.00,8124.88,3435.38,4970.61,9118.55,79.64,2786.74,695.45,21858.64,307.95,2694.59,71.88,23377.69,111.48,17990.00,64.29,5122.42,106.13,5792.82,2102.48,1596.98,1124.28
Feb-14,47163.50,39590.47,19354.23,68668.28,17862.42,35423.25,33399.06,35423.25,20185.84,74437.66,13812.52,67408.97,9285.94,34326.37,8382.85,27280.32,16856.96,39787.49,9399.49,48528.44,9041.54,36357.69,13440.43,104161.31,12090.58,73822.12,7271.54,15223.11,17979.90,85890.88,24952.36,33592.85,12861.03,19639.61,3102.93,12015.05,8236.11,192.50,2517.06,1681.04,19743.29,744.38,2433.82,173.76,21115.33,269.47,16249.03,155.40,4626.70,256.54,5232.22,5082.15,1442.43,2717.63
Mar-14,45642.10,80211.37,21427.90,139123.81,19776.25,71768.47,27440.32,71768.47,22348.61,150812.74,15292.43,136572.42,10280.86,69546.17,9281.02,55270.67,18663.06,80610.54,10406.58,98319.94,10010.27,73661.67,14880.48,211033.66,13386.00,149565.64,8050.63,30842.44,19906.32,174017.27,27625.82,68060.04,14239.00,39790.39,3435.38,24342.81,9118.55,390.02,2786.74,3405.84,21858.64,1508.14,2694.59,352.04,23377.69,545.96,17990.00,314.84,5122.42,519.77,5792.82,10296.57,1596.98,5505.98
Apr-14,47163.50,64863.29,20736.68,112503.10,19138.31,58035.90,28019.99,58035.90,21627.69,121955.40,14799.12,110439.90,9949.22,56238.83,8981.63,44694.87,18061.03,65186.07,10070.89,79506.86,9687.36,59566.84,14400.46,170653.32,12954.19,120946.93,7790.93,24940.88,19264.18,140719.85,26734.67,55037.06,13779.68,32176.67,3324.56,19684.92,8824.41,315.39,2696.85,2754.15,21153.52,1219.57,2607.67,284.68,22623.57,441.50,17409.68,254.59,4957.18,420.31,5605.95,8326.37,1545.46,4452.44
May-14,45642.10,45013.82,21427.90,78074.89,19776.25,40275.75,28592.37,40275.75,22348.61,84634.60,15292.43,76643.08,10280.86,39028.62,9281.02,31017.35,18663.06,45237.83,10406.58,55176.17,10010.27,41338.19,14880.48,118429.98,13386.00,83934.74,8050.63,17308.47,19906.32,97656.75,27625.82,38194.61,14239.00,22329.97,3435.38,13660.94,9118.55,218.87,2786.74,1911.32,21858.64,846.35,2694.59,197.56,23377.69,306.39,17990.00,176.68,5122.42,291.69,5792.82,5778.33,1596.98,3089.90
Jun-14,47163.50,45339.22,20736.68,78639.29,19138.31,40566.90,29155.63,40566.90,21627.69,85246.41,14799.12,77197.12,9949.22,39310.75,8981.63,31241.57,18061.03,45564.85,10070.89,55575.03,9687.36,41637.02,14400.46,119286.10,12954.19,84541.50,7790.93,17433.59,19264.18,98362.70,26734.67,38470.72,13779.68,22491.39,3324.56,13759.70,8824.41,220.46,2696.85,1925.14,21153.52,852.47,2607.67,198.99,22623.57,308.60,17409.68,177.96,4957.18,293.80,5605.95,5820.11,1545.46,3112.24
Jul-14,47163.50,55372.42,21427.90,96041.52,19776.25,49544.02,29711.42,49544.02,22348.61,104110.75,15292.43,94280.22,10280.86,48009.90,9281.02,38155.07,18663.06,55647.98,10406.58,67873.33,10010.27,50850.96,14880.48,145683.14,13386.00,103249.84,8050.63,21291.50,19906.32,120129.57,27625.82,46983.98,14239.00,27468.55,3435.38,16804.60,9118.55,269.24,2786.74,2351.16,21858.64,1041.12,2694.59,243.02,23377.69,376.90,17990.00,217.34,5122.42,358.81,5792.82,7108.05,1596.98,3800.95
Aug-14,45642.10,47833.96,21427.90,82966.33,19776.25,42799.05,30256.96,42799.05,22348.61,89937.01,15292.43,81444.81,10280.86,41473.78,9281.02,32960.60,18663.06,48072.00,10406.58,58632.99,10010.27,43928.06,14880.48,125849.69,13386.00,89193.30,8050.63,18392.86,19906.32,103775.01,27625.82,40587.53,14239.00,23728.95,3435.38,14516.81,9118.55,232.59,2786.74,2031.07,21858.64,899.38,2694.59,209.94,23377.69,325.58,17990.00,187.75,5122.42,309.96,5792.82,6140.35,1596.98,3283.49
Sep-14,47163.50,45176.52,20736.68,78357.09,19138.31,40421.32,30792.13,40421.32,21627.69,84940.51,14799.12,76920.10,9949.22,39169.68,8981.63,31129.46,18061.03,45401.34,10070.89,55375.60,9687.36,41487.61,14400.46,118858.04,12954.19,84238.12,7790.93,17371.03,19264.18,98009.73,26734.67,38332.67,13779.68,22410.68,3324.56,13710.32,8824.41,219.67,2696.85,1918.23,21153.52,849.41,2607.67,198.28,22623.57,307.50,17409.68,177.32,4957.18,292.74,5605.95,5799.22,1545.46,3101.07
Oct-14,45642.10,28255.66,21427.90,49008.46,19776.25,25281.52,31314.19,25281.52,22348.61,53126.05,15292.43,48109.69,10280.86,24498.69,9281.02,19469.92,18663.06,28396.27,10406.58,34634.68,10010.27,25948.43,14880.48,74339.78,13386.00,52686.75,8050.63,10864.71,19906.32,61300.20,27625.82,23975.17,14239.00,14016.76,3435.38,8575.12,9118.55,137.39,2786.74,1199.76,21858.64,531.27,2694.59,124.01,23377.69,192.32,17990.00,110.91,5122.42,183.10,5792.82,3627.12,1596.98,1939.57
Nov-14,47163.50,25272.82,20736.68,43834.82,19138.31,22612.65,31825.22,22612.65,21627.69,47517.74,14799.12,43030.93,9949.22,21912.45,8981.63,17414.56,18061.03,25398.59,10070.89,30978.43,9687.36,23209.15,14400.46,66492.01,12954.19,47124.81,7790.93,9717.77,19264.18,54828.97,26734.67,21444.21,13779.68,12537.07,3324.56,7669.88,8824.41,122.89,2696.85,1073.10,21153.52,475.18,2607.67,110.92,22623.57,172.02,17409.68,99.20,4957.18,163.77,5605.95,3244.22,1545.46,1734.81
Dec-14,46932.99,24133.92,21427.90,41859.43,19776.25,21593.62,32321.67,21593.62,22348.61,45376.38,15292.43,41091.77,10280.86,20924.98,9281.02,16629.78,18663.06,24254.02,10406.58,29582.40,10010.27,22163.25,14880.48,63495.59,13386.00,45001.16,8050.63,9279.84,19906.32,52358.14,27625.82,20477.84,14239.00,11972.09,3435.38,7324.24,9118.55,117.35,2786.74,1024.75,21858.64,453.77,2694.59,105.92,23377.69,164.27,17990.00,94.73,5122.42,156.39,5792.82,3098.02,1596.98,1656.64
Jan-15,43626.24,15579.76,21535.02,26672.45,19851.33,15298.32,28355.00,15298.32,22547.99,29119.73,15357.99,26686.39,10339.07,12744.09,9337.04,11237.24,18809.84,14037.02,10457.86,19346.96,10061.20,13723.91,14963.32,40963.82,13530.16,32539.43,8153.17,6695.32,20113.85,37623.64,28716.76,14176.34,14415.15,6506.62,3454.52,5267.92,9270.74,113.58,2814.31,774.67,21953.01,337.80,2720.33,76.76,24017.46,96.53,18632.22,46.70,5189.34,70.90,5816.55,2083.66,1605.03,1215.87
Feb-15,48300.48,37659.68,19450.98,64473.14,17930.23,36979.39,28953.99,36979.39,20365.93,70388.74,13871.74,64506.84,9338.52,30805.26,8433.46,27162.87,16989.53,33930.54,9445.81,46765.83,9087.54,33173.70,13515.26,99018.50,12220.79,78654.92,7364.16,16184.06,18167.35,90944.56,25937.72,34267.32,13020.13,15727.93,3120.21,12733.70,8373.57,274.56,2541.96,1872.54,19828.53,816.54,2457.07,185.54,21693.19,233.33,16829.10,112.87,4687.15,171.38,5253.66,5036.67,1449.70,2939.01
Mar-15,46742.40,76299.55,21535.02,130624.35,19851.33,74921.25,29545.45,74921.25,22547.99,142609.52,15357.99,130692.62,10339.07,62412.30,9337.04,55032.72,18809.84,68744.20,10457.86,94748.84,10061.20,67210.82,14963.32,200614.20,13530.16,159357.02,8153.17,32789.34,20113.85,184256.17,28716.76,69426.53,14415.15,31865.22,3454.52,25798.83,9270.74,556.26,2814.31,3793.81,21953.01,1654.34,2720.33,375.91,24017.46,472.73,18632.22,228.68,5189.34,347.21,5816.55,10204.43,1605.03,5954.52
Apr-15,48300.48,61699.97,20840.34,105629.96,19210.96,60585.40,30127.49,60585.40,21820.64,115321.83,14862.57,105685.17,10005.55,50469.99,9035.85,44502.46,18203.07,55590.31,10120.51,76619.08,9736.65,54350.33,14480.63,162227.57,13093.70,128864.77,7890.17,26515.25,19465.02,148999.58,27790.42,56142.07,13950.14,25767.95,3343.08,20862.34,8971.68,449.83,2723.53,3067.88,21244.85,1337.79,2632.58,303.98,23242.70,382.27,18031.18,184.93,5021.95,280.77,5628.92,8251.85,1553.25,4815.15
May-15,46742.40,42818.54,21535.02,73305.08,19851.33,42045.05,30701.80,42045.05,22547.99,80031.04,15357.99,73343.39,10339.07,35025.16,9337.04,30883.81,18809.84,38578.56,10457.86,53172.10,10061.20,37718.04,14963.32,112582.68,13530.16,89429.56,8153.17,18401.05,20113.85,103402.72,28716.76,38961.47,14415.15,17882.44,3454.52,14478.05,9270.74,312.17,2814.31,2129.05,21953.01,928.40,2720.33,210.96,24017.46,265.29,18632.22,128.33,5189.34,194.85,5816.55,5726.62,1605.03,3341.62
Jun-15,48300.48,43128.07,20840.34,73834.99,19210.96,42348.99,31265.53,42348.99,21820.64,80609.57,14862.57,73873.58,10005.55,35278.35,9035.85,31107.07,18203.07,38857.44,10120.51,53556.48,9736.65,37990.70,14480.63,113396.53,13093.70,90076.04,7890.17,18534.07,19465.02,104150.21,27790.42,39243.12,13950.14,18011.71,3343.08,14582.71,8971.68,314.43,2723.53,2144.44,21244.85,935.11,2632.58,212.48,23242.70,267.21,18031.18,129.26,5021.95,196.26,5628.92,5768.02,1553.25,3365.77
Jul-15,48300.48,52671.97,21535.02,90174.07,19851.33,51720.48,31818.53,51720.48,22547.99,98447.82,15357.99,90221.21,10339.07,43085.17,9337.04,37990.81,18809.84,47456.27,10457.86,65408.09,10061.20,46397.73,14963.32,138490.26,13530.16,110009.14,8153.17,22635.51,20113.85,127197.81,28716.76,47927.30,14415.15,21997.56,3454.52,17809.74,9270.74,384.01,2814.31,2618.99,21953.01,1142.04,2720.33,259.50,24017.46,326.34,18632.22,157.87,5189.34,239.69,5816.55,7044.43,1605.03,4110.59
Aug-15,46742.40,45501.15,21535.02,77897.68,19851.33,44679.20,32357.99,44679.20,22547.99,85045.03,15357.99,77938.40,10339.07,37219.51,9337.04,32818.70,18809.84,40995.53,10457.86,56503.37,10061.20,40081.10,14963.32,119636.05,13530.16,95032.38,8153.17,19553.89,20113.85,109880.96,28716.76,41402.43,14415.15,19002.79,3454.52,15385.11,9270.74,331.73,2814.31,2262.43,21953.01,986.56,2720.33,224.17,24017.46,281.91,18632.22,136.38,5189.34,207.06,5816.55,6085.40,1605.03,3550.97
Sep-15,48300.48,42973.31,20840.34,73570.03,19210.96,42197.02,32886.06,42197.02,21820.64,80320.30,14862.57,73608.49,10005.55,35151.76,9035.85,30995.44,18203.07,38718.00,10120.51,53364.29,9736.65,37854.37,14480.63,112989.61,13093.70,89752.80,7890.17,18467.56,19465.02,103776.47,27790.42,39102.30,13950.14,17947.08,3343.08,14530.38,8971.68,313.30,2723.53,2136.74,21244.85,931.76,2632.58,211.72,23242.70,266.25,18031.18,128.80,5021.95,195.56,5628.92,5747.32,1553.25,3353.69
Oct-15,46742.40,26877.66,21535.02,46014.39,19851.33,26392.14,33399.06,26392.14,22547.99,50236.35,15357.99,46038.44,10339.07,21985.67,9337.04,19386.10,18809.84,24216.18,10457.86,33376.71,10061.20,23676.02,14963.32,70669.37,13530.16,56135.91,8153.17,11550.54,20113.85,64907.01,28716.76,24456.54,14415.15,11225.00,3454.52,9088.03,9270.74,195.95,2814.31,1336.43,21953.01,582.77,2720.33,132.42,24017.46,166.52,18632.22,80.56,5189.34,122.31,5816.55,3594.66,1605.03,2097.57
Nov-15,48300.48,24040.29,20840.34,41156.83,19210.96,23606.02,28355.00,23606.02,21820.64,44933.09,14862.57,41178.34,10005.55,19664.73,9035.85,17339.59,18203.07,21659.77,10120.51,29853.25,9736.65,21176.63,14480.63,63209.07,13093.70,50209.85,7890.17,10331.19,19465.02,58055.02,27790.42,21874.75,13950.14,10040.02,3343.08,8128.64,8971.68,175.27,2723.53,1195.34,21244.85,521.25,2632.58,118.44,23242.70,148.95,18031.18,72.05,5021.95,109.40,5628.92,3215.19,1553.25,1876.14
Dec-15,48064.41,22956.93,21535.02,39302.12,19851.33,22542.23,28953.99,22542.23,22547.99,42908.21,15357.99,39322.66,10339.07,18778.55,9337.04,16558.19,18809.84,20683.68,10457.86,28507.93,10061.20,20222.32,14963.32,60360.59,13530.16,47947.18,8153.17,9865.62,20113.85,55438.81,28716.76,20888.98,14415.15,9587.57,3454.52,7762.33,9270.74,167.37,2814.31,1141.48,21953.01,497.76,2720.33,113.10,24017.46,142.23,18632.22,68.81,5189.34,104.47,5816.55,3070.30,1605.03,1791.59
Jan-16,44646.82,17483.28,21626.98,27426.21,19913.90,16542.72,29545.45,16542.72,22731.85,31222.85,15413.53,27860.82,10398.41,19898.27,9394.27,12268.32,18958.64,16964.17,10510.01,20713.63,10103.88,15641.50,15046.74,46475.33,13677.12,33771.56,8251.40,7133.72,20310.24,38257.80,29828.61,17377.28,14582.92,8097.23,3475.17,5472.15,9419.05,189.30,2840.67,761.57,22033.98,346.38,2746.80,97.27,24657.79,138.38,19284.33,108.05,5255.17,105.31,5835.39,2524.92,1609.24,1383.13
Feb-16,49430.41,42260.91,19534.05,66295.14,17986.75,39987.37,30127.49,39987.37,20531.99,75472.45,13921.90,67345.69,9392.11,48098.48,8485.15,29655.22,17123.93,41006.12,9492.91,50069.37,9126.09,37808.92,13590.60,112341.03,12353.53,81633.25,7452.88,17243.76,18344.74,92477.47,26941.97,42004.69,13171.67,19572.78,3138.86,13227.39,8507.53,457.57,2565.77,1840.88,19901.66,837.27,2480.98,235.12,22271.55,334.49,17418.10,261.19,4746.61,254.56,5270.67,6103.29,1453.51,3343.32
Mar-16,47835.88,85621.77,21626.98,134315.76,19913.90,81015.51,30701.80,81015.51,22731.85,152909.25,15413.53,136444.20,10398.41,97448.83,9394.27,60082.29,18958.64,83079.51,10510.01,101441.91,10103.88,76601.91,15046.74,227606.01,13677.12,165391.20,8251.40,34936.34,20310.24,187361.89,29828.61,85102.66,14582.92,39654.99,3475.17,26799.06,9419.05,927.05,2840.67,3729.68,22033.98,1696.34,2746.80,476.36,24657.79,677.68,19284.33,529.17,5255.17,515.74,5835.39,12365.43,1609.24,6773.65
Apr-16,49430.41,69238.43,20929.34,108615.04,19271.51,65513.56,31265.53,65513.56,21998.56,123650.75,14916.32,110336.22,10062.98,78802.44,9091.23,48585.82,18347.07,67182.62,10170.98,82031.46,9777.95,61944.48,14561.36,184054.63,13235.92,133744.34,7985.23,28251.43,19655.07,151511.03,28866.40,68818.65,14112.50,32067.19,3363.06,21671.18,9115.21,749.67,2749.04,3016.02,21323.21,1371.75,2658.19,385.21,23862.38,548.01,18662.25,427.92,5085.65,417.06,5647.15,9999.36,1557.33,5477.54
May-16,47835.88,48050.08,21626.98,75376.66,19913.90,45465.10,31818.53,45465.10,22731.85,85811.14,15413.53,76571.12,10398.41,54687.31,9394.27,33717.58,18958.64,46623.39,10510.01,56928.18,10103.88,42988.22,15046.74,127730.22,13677.12,92815.88,8251.40,19605.92,20310.24,105145.62,29828.61,47758.76,14582.92,22253.99,3475.17,15039.37,9419.05,520.25,2840.67,2093.06,22033.98,951.97,2746.80,267.33,24657.79,380.31,19284.33,296.97,5255.17,289.43,5835.39,6939.36,1609.24,3801.31
Jun-16,49430.41,48397.43,20929.34,75921.55,19271.51,45793.76,32357.99,45793.76,21998.56,86431.46,14916.32,77124.65,10062.98,55082.64,9091.23,33961.32,18347.07,46960.43,10170.98,57339.71,9777.95,43298.98,14561.36,128653.57,13235.92,93486.84,7985.23,19747.65,19655.07,105905.70,28866.40,48104.00,14112.50,22414.86,3363.06,15148.08,9115.21,524.01,2749.04,2108.19,21323.21,958.85,2658.19,269.26,23862.38,383.05,18662.25,299.11,5085.65,291.52,5647.15,6989.52,1557.33,3828.78
Jul-16,49430.41,59107.38,21626.98,92722.37,19913.90,55927.55,32886.06,55927.55,22731.85,105558.04,15413.53,94191.70,10398.41,67271.98,9394.27,41476.69,18958.64,57352.39,10510.01,70028.53,10103.88,52880.69,15046.74,157123.56,13677.12,114174.72,8251.40,24117.65,20310.24,129341.78,29828.61,58749.03,14582.92,27375.08,3475.17,18500.23,9419.05,639.97,2840.67,2574.71,22033.98,1171.04,2746.80,328.85,24657.79,467.82,19284.33,365.30,5255.17,356.03,5835.39,8536.24,1609.24,4676.06
Aug-16,47835.88,51060.44,21626.98,80099.05,19913.90,48313.51,33399.06,48313.51,22731.85,91187.26,15413.53,81368.35,10398.41,58113.50,9394.27,35830.01,18958.64,49544.38,10510.01,60494.77,10103.88,45681.46,15046.74,135732.59,13677.12,98630.86,8251.40,20834.25,20310.24,111733.05,29828.61,50750.88,14582.92,23648.21,3475.17,15981.59,9419.05,552.85,2840.67,2224.19,22033.98,1011.61,2746.80,284.08,24657.79,404.13,19284.33,315.57,5255.17,307.56,5835.39,7374.11,1609.24,4039.46
Sep-16,49430.41,48223.75,20929.34,75649.11,19271.51,45629.43,27440.32,45629.43,21998.56,86121.30,14916.32,76847.88,10062.98,54884.98,9091.23,33839.45,18347.07,46791.91,10170.98,57133.95,9777.95,43143.60,14561.36,128191.89,13235.92,93151.36,7985.23,19676.79,19655.07,105525.66,28866.40,47931.38,14112.50,22334.42,3363.06,15093.72,9115.21,522.13,2749.04,2100.62,21323.21,955.41,2658.19,268.30,23862.38,381.68,18662.25,298.04,5085.65,290.47,5647.15,6964.44,1557.33,3815.05
Oct-16,47835.88,30161.55,21626.98,47314.75,19913.90,28538.93,28019.99,28538.93,22731.85,53864.58,15413.53,48064.52,10398.41,34327.82,9394.27,21164.89,18958.64,29266.01,10510.01,35734.44,10103.88,26984.17,15046.74,80177.64,13677.12,58261.54,8251.40,12306.85,20310.24,66001.04,29828.61,29978.69,14582.92,13969.07,3475.17,9440.37,9419.05,326.57,2840.67,1313.83,22033.98,597.56,2746.80,167.81,24657.79,238.72,19284.33,186.41,5255.17,181.68,5835.39,4355.91,1609.24,2386.12
Nov-16,49430.41,26977.51,20929.34,42319.91,19271.51,25526.19,28592.37,25526.19,21998.56,48178.30,14916.32,42990.53,10062.98,30703.96,9091.23,18930.59,18347.07,26176.51,10170.98,31962.09,9777.95,24135.56,14561.36,71713.59,13235.92,52111.09,7985.23,11007.66,19655.07,59033.56,28866.40,26813.95,14112.50,12494.41,3363.06,8443.79,9115.21,292.09,2749.04,1175.14,21323.21,534.48,2658.19,150.09,23862.38,213.52,18662.25,166.73,5085.65,162.50,5647.15,3896.07,1557.33,2134.23
Dec-16,49188.81,25761.79,21626.98,40412.79,19913.90,24375.86,29155.63,24375.86,22731.85,46007.18,15413.53,41053.19,10398.41,29320.31,9394.27,18077.50,18958.64,24996.88,10510.01,30521.74,10103.88,23047.90,15046.74,68481.86,13677.12,49762.73,8251.40,10511.61,20310.24,56373.25,29828.61,25605.60,14582.92,11931.35,3475.17,8063.27,9419.05,278.93,2840.67,1122.18,22033.98,510.39,2746.80,143.33,24657.79,203.90,19284.33,159.22,5255.17,155.18,5835.39,3720.50,1609.24,2038.05
Jan-17,45666.58,16536.36,21705.56,25697.84,19963.55,15561.59,29711.42,15561.59,22902.89,28437.94,15458.14,25943.49,10456.73,18168.41,9450.14,11977.89,19105.30,17615.68,10560.62,20926.79,10142.26,14955.04,15127.94,47854.11,13823.17,34473.17,8345.49,6964.93,20493.47,39251.32,30963.93,18053.36,14743.25,7772.17,3495.35,5847.61,9563.45,152.95,2864.48,722.34,22098.71,335.31,2771.92,87.32,25298.52,127.71,19945.18,89.57,5317.79,88.44,5851.30,2340.60,1613.55,1336.04
Feb-17,50559.43,39972.00,19605.02,62117.28,18031.59,37615.78,30256.96,37615.78,20686.48,68740.72,13962.19,62711.09,9444.78,43917.02,8535.61,28953.18,17256.40,42580.94,9538.63,50584.64,9160.75,36149.61,13663.95,115673.83,12485.45,83329.18,7537.87,16835.76,18510.23,94879.01,27967.42,43638.91,13316.48,18787.02,3157.09,14134.94,8637.95,369.72,2587.27,1746.05,19960.12,810.52,2503.67,211.08,22850.27,308.70,18015.00,216.52,4803.17,213.79,5285.04,5657.75,1457.40,3229.50
Mar-17,48928.48,80984.36,21705.56,125851.32,19963.55,76210.59,30792.13,76210.59,22902.89,139270.58,15458.14,127054.38,10456.73,88977.09,9450.14,58659.94,19105.30,86270.14,10560.62,102485.86,10142.26,73240.09,15127.94,234358.36,13823.17,168827.21,8345.49,34109.71,20493.47,192227.47,30963.93,88413.63,14743.25,38063.03,3495.35,28637.78,9563.45,749.06,2864.48,3537.55,22098.71,1642.14,2771.92,427.66,25298.52,625.44,19945.18,438.68,5317.79,433.13,5851.30,11462.76,1613.55,6543.06
Apr-17,50559.43,65488.37,21005.38,101770.23,19319.56,61628.04,31314.19,61628.04,22164.09,112621.78,14959.49,102743.10,10119.41,71951.73,9145.30,47435.63,18489.00,69762.74,10219.96,82875.65,9815.09,59225.93,14639.94,189514.94,13377.26,136522.88,8076.29,27582.97,19832.39,155445.61,29965.10,71496.08,14267.66,30779.84,3382.59,23158.07,9254.95,605.73,2772.08,2860.66,21385.85,1327.92,2682.50,345.83,24482.44,505.77,19301.79,354.74,5146.25,350.26,5662.54,9269.41,1561.50,5291.08
May-17,48928.48,45447.61,21705.56,70626.50,19963.55,42768.62,31825.22,42768.62,22902.89,78157.25,15458.14,71301.65,10456.73,49933.06,9450.14,32919.37,19105.30,48413.94,10560.62,57514.04,10142.26,41101.61,15127.94,131519.57,13823.17,94744.14,8345.49,19142.03,20493.47,107876.13,30963.93,49616.85,14743.25,21360.59,3495.35,16071.23,9563.45,420.37,2864.48,1985.24,22098.71,921.55,2771.92,240.00,25298.52,350.99,19945.18,246.18,5317.79,243.07,5851.30,6432.78,1613.55,3671.90
Jun-17,50559.43,45776.15,21005.38,71137.05,19319.56,43077.79,32321.67,43077.79,22164.09,78722.25,14959.49,71817.08,10119.41,50294.02,9145.30,33157.35,18489.00,48763.92,10219.96,57929.80,9815.09,41398.73,14639.94,132470.31,13377.26,95429.04,8076.29,19280.40,19832.39,108655.96,29965.10,49975.52,14267.66,21515.00,3382.59,16187.41,9254.95,423.40,2772.08,1999.59,21385.85,928.21,2682.50,241.73,24482.44,353.53,19301.79,247.96,5146.25,244.83,5662.54,6479.29,1561.50,3698.44
Jul-17,50559.43,55906.04,21705.56,86879.10,19963.55,52610.56,28355.00,52610.56,22902.89,96142.84,15458.14,87709.62,10456.73,61423.67,9450.14,40494.80,19105.30,59554.98,10560.62,70749.20,10142.26,50559.93,15127.94,161784.91,13823.17,116546.71,8345.49,23547.00,20493.47,132700.64,30963.93,61034.70,14743.25,26276.10,3495.35,19769.55,9563.45,517.10,2864.48,2442.08,22098.71,1133.62,2771.92,295.23,25298.52,431.76,19945.18,302.83,5317.79,299.01,5851.30,7913.10,1613.55,4516.88
Aug-17,48928.48,48294.93,21705.56,75051.29,19963.55,45448.10,28953.99,45448.10,22902.89,83053.85,15458.14,75768.74,10456.73,53061.39,9450.14,34981.79,19105.30,51447.10,10560.62,61117.33,10142.26,43676.65,15127.94,139759.35,13823.17,100679.92,8345.49,20341.29,20493.47,114634.64,30963.93,52725.37,14743.25,22698.84,3495.35,17078.11,9563.45,446.70,2864.48,2109.62,22098.71,979.29,2771.92,255.03,25298.52,372.98,19945.18,261.61,5317.79,258.30,5851.30,6835.80,1613.55,3901.95
Sep-17,50559.43,45611.88,21005.38,70881.78,19319.56,42923.21,29545.45,42923.21,22164.09,78439.75,14959.49,71559.36,10119.41,50113.54,9145.30,33038.36,18489.00,48588.93,10219.96,57721.92,9815.09,41250.17,14639.94,131994.94,13377.26,95086.59,8076.29,19211.21,19832.39,108266.05,29965.10,49796.18,14267.66,21437.80,3382.59,16129.32,9254.95,421.89,2772.08,1992.41,21385.85,924.88,2682.50,240.87,24482.44,352.26,19301.79,247.07,5146.25,243.95,5662.54,6456.04,1561.50,3685.17
Oct-17,48928.48,28527.96,21705.56,44333.02,19963.55,26846.33,30127.49,26846.33,22902.89,49060.16,15458.14,44756.82,10456.73,31343.52,9450.14,20663.85,19105.30,30389.96,10560.62,36102.18,10142.26,25799.93,15127.94,82556.26,13823.17,59471.92,8345.49,12015.66,20493.47,67715.02,30963.93,31145.03,14743.25,13408.27,3495.35,10088.09,9563.45,263.87,2864.48,1246.16,22098.71,578.47,2771.92,150.65,25298.52,220.32,19945.18,154.53,5317.79,152.58,5851.30,4037.93,1613.55,2304.89
Nov-17,50559.43,25516.37,21005.38,39652.95,19319.56,24012.26,30701.80,24012.26,22164.09,43881.06,14959.49,40032.01,10119.41,28034.70,9145.30,18482.44,18489.00,27181.80,10219.96,32291.01,9815.09,23076.32,14639.94,73841.11,13377.26,53193.70,8076.29,10747.21,19832.39,60566.60,29965.10,27857.17,14267.66,11992.81,3382.59,9023.13,9254.95,236.01,2772.08,1114.60,21385.85,517.40,2682.50,134.75,24482.44,197.06,19301.79,138.22,5146.25,136.47,5662.54,3611.66,1561.50,2061.57
Dec-17,50312.31,24366.49,21705.56,37866.02,19963.55,22930.16,31265.53,22930.16,22902.89,41903.59,15458.14,38227.99,10456.73,26771.34,9450.14,17649.54,19105.30,25956.87,10560.62,30835.84,10142.26,22036.40,15127.94,70513.50,13823.17,50796.56,8345.49,10262.89,20493.47,57837.20,30963.93,26601.80,14743.25,11452.36,3495.35,8616.50,9563.45,225.38,2864.48,1064.38,22098.71,494.08,2771.92,128.67,25298.52,188.18,19945.18,131.99,5317.79,130.32,5851.30,3448.90,1613.55,1968.67
Jan-18,46672.59,11214.29,21769.21,16051.01,19999.21,8238.61,31818.53,8238.61,23058.24,14245.75,15493.32,16088.27,10515.54,9752.94,9505.84,10808.88,19252.48,17291.14,10609.94,17661.29,10172.97,10487.10,15209.27,44058.51,13969.22,31368.09,8434.64,5781.81,20666.16,35591.97,32121.84,16681.19,14895.42,5604.14,3513.83,6536.51,9703.40,3.58,2886.55,451.43,22149.75,246.64,2798.03,43.78,25937.85,43.52,20615.94,11.40,5377.17,21.94,5862.96,1464.80,1617.36,976.17
Feb-18,51673.22,27107.40,19662.51,38798.80,18063.80,19914.52,32357.99,19914.52,20826.80,34435.10,13993.97,38888.93,9497.91,23575.00,8585.92,26127.44,17389.33,41796.46,9583.17,42691.19,9188.48,25349.62,13737.40,106499.05,12617.36,75823.52,7618.39,13975.89,18666.21,86033.57,29013.27,40322.08,13453.93,13546.43,3173.78,15800.17,8764.36,8.65,2607.20,1091.21,20006.23,596.18,2527.26,105.82,23427.73,105.20,18620.85,27.54,4856.80,53.02,5295.58,3540.74,1460.84,2359.63
Mar-18,50006.34,54920.33,21769.21,78607.43,19999.21,40347.36,32886.06,40347.36,23058.24,69766.45,15493.32,78790.19,10515.54,47763.59,9505.84,52934.90,19252.48,84680.77,10609.94,86493.52,10172.97,51359.02,15209.27,215769.99,13969.22,153620.53,8434.64,28315.54,20666.16,174306.37,32121.84,81693.63,14895.42,27445.44,3513.83,32011.57,9703.40,17.52,2886.55,2210.83,22149.75,1207.88,2798.03,214.39,25937.85,213.15,20615.94,55.81,5377.17,107.43,5862.96,7173.64,1617.36,4780.67
Apr-18,51673.22,44411.58,21066.98,63566.25,19354.07,32627.07,33399.06,32627.07,22314.42,56416.95,14993.54,63714.17,10176.33,38624.24,9199.20,42806.04,18631.43,68477.49,10267.69,69943.37,9844.81,41531.70,14718.65,174483.38,13518.60,124225.93,8162.56,22897.49,19999.51,140953.63,31085.65,66061.92,14414.92,22193.88,3400.48,25886.30,9390.38,14.16,2793.43,1787.79,21435.25,976.76,2707.77,173.36,25101.14,172.36,19950.91,45.13,5203.71,86.87,5673.84,5800.99,1565.19,3865.91
May-18,50006.34,30820.74,21769.21,44113.70,19999.21,22642.53,27440.32,22642.53,23058.24,39152.23,15493.32,44216.44,10515.54,26804.45,9505.84,29706.54,19252.48,47522.00,10609.94,48539.30,10172.97,28822.17,15209.27,121087.96,13969.22,86210.30,8434.64,15890.40,20666.16,97818.99,32121.84,45845.65,14895.42,15402.11,3513.83,17964.57,9703.40,9.83,2886.55,1240.69,22149.75,677.85,2798.03,120.31,25937.85,119.62,20615.94,31.32,5377.17,60.29,5862.96,4025.77,1617.36,2682.86
Jun-18,51673.22,31043.54,21066.98,44432.60,19354.07,22806.21,28019.99,22806.21,22314.42,39435.26,14993.54,44536.17,10176.33,26998.22,9199.20,29921.28,18631.43,47865.53,10267.69,48890.18,9844.81,29030.52,14718.65,121963.30,13518.60,86833.51,8162.56,16005.27,19999.51,98526.12,31085.65,46177.06,14414.92,15513.45,3400.48,18094.44,9390.38,9.90,2793.43,1249.66,21435.25,682.75,2707.77,121.18,25101.14,120.48,19950.91,31.54,5203.71,60.72,5673.84,4054.88,1565.19,2702.26
Jul-18,51673.22,37913.23,21769.21,54265.17,19999.21,27853.04,28592.37,27853.04,23058.24,48161.96,15493.32,54391.77,10515.54,32972.70,9505.84,36542.62,19252.48,58457.79,10609.94,59709.18,10172.97,35454.74,15209.27,148952.78,13969.22,106049.06,8434.64,19547.10,20666.16,120329.15,32121.84,56395.67,14895.42,18946.45,3513.83,22098.59,9703.40,12.09,2886.55,1526.20,22149.75,833.84,2798.03,148.00,25937.85,147.14,20615.94,38.52,5377.17,74.16,5862.96,4952.19,1617.36,3300.25
Aug-18,50006.34,32751.68,21769.21,46877.45,19999.21,24061.10,29155.63,24061.10,23058.24,41605.14,15493.32,46986.91,10515.54,28483.77,9505.84,31567.67,19252.48,50499.28,10609.94,51580.31,10172.97,30627.89,15209.27,128674.20,13969.22,91611.43,8434.64,16885.94,20666.16,103947.41,32121.84,48717.90,14895.42,16367.06,3513.83,19090.06,9703.40,10.45,2886.55,1318.42,22149.75,720.32,2798.03,127.85,25937.85,127.11,20615.94,33.28,5377.17,64.06,5862.96,4277.99,1617.36,2850.95
Sep-18,51673.22,30932.14,21066.98,44273.15,19354.07,22724.37,29711.42,22724.37,22314.42,39293.75,14993.54,44376.61,10176.33,26901.33,9199.20,29813.91,18631.43,47693.77,10267.69,48714.74,9844.81,28926.34,14718.65,121525.63,13518.60,86521.91,8162.56,15947.83,19999.51,98172.56,31085.65,46011.35,14414.92,15457.78,3400.48,18029.50,9390.38,9.87,2793.43,1245.18,21435.25,680.30,2707.77,120.75,25101.14,120.05,19950.91,31.43,5203.71,60.50,5673.84,4040.33,1565.19,2692.56
Oct-18,50006.34,19346.51,21769.21,27690.65,19999.21,14212.96,30256.96,14212.96,23058.24,24576.28,15493.32,27755.41,10515.54,16825.44,9505.84,18647.11,19252.48,29830.08,10609.94,30468.64,10172.97,18091.99,15209.27,76008.23,13969.22,54115.14,8434.64,9974.58,20666.16,61402.04,32121.84,28777.81,14895.42,9668.07,3513.83,11276.56,9703.40,6.17,2886.55,778.80,22149.75,425.49,2798.03,75.52,25937.85,75.08,20615.94,19.66,5377.17,37.84,5862.96,2527.02,1617.36,1684.06
Nov-18,51673.22,17304.18,21066.98,24767.45,19354.07,12712.55,30792.13,12712.55,22314.42,21981.86,14993.54,24825.43,10176.33,15049.25,9199.20,16678.61,18631.43,26681.03,10267.69,27252.18,9844.81,16182.08,14718.65,67984.33,13518.60,48402.41,8162.56,8921.60,19999.51,54920.06,31085.65,25739.85,14414.92,8647.45,3400.48,10086.13,9390.38,5.52,2793.43,696.58,21435.25,380.58,2707.77,67.55,25101.14,67.16,19950.91,17.58,5203.71,33.85,5673.84,2260.25,1565.19,1506.28
Dec-18,51420.66,16524.37,21769.21,23651.32,19999.21,12139.67,31314.19,12139.67,23058.24,20991.26,15493.32,23706.73,10515.54,14371.06,9505.84,15927.00,19252.48,25478.66,10609.94,26024.08,10172.97,15452.85,15209.27,64920.65,13969.22,46221.19,8434.64,8519.55,20666.16,52445.12,32121.84,24579.90,14895.42,8257.76,3513.83,9631.61,9703.40,5.27,2886.55,665.19,22149.75,363.43,2798.03,64.50,25937.85,64.13,20615.94,16.79,5377.17,32.32,5862.96,2158.40,1617.36,1438.40
Jan-19,47667.44,9744.68,21818.57,14837.73,20020.90,10895.37,31825.22,10895.37,23200.02,14224.64,15518.38,13966.56,10573.46,8759.43,9561.64,6962.15,19400.13,15907.94,10660.67,18105.62,10195.03,9580.34,15291.38,43567.95,14117.91,29846.50,8518.50,4552.32,20824.57,35382.02,33298.27,17397.67,15038.61,5032.44,3532.38,5526.50,9838.34,9.63,2907.76,478.06,22186.73,231.61,2824.88,34.53,26575.05,96.39,21292.66,14.72,5434.61,12.87,5869.99,1172.47,1619.93,909.85
Feb-19,52774.67,23555.02,19707.09,35866.04,18083.39,26336.50,32321.67,26336.50,20954.85,34384.06,14016.61,33760.24,9550.22,21173.45,8636.32,16829.05,17522.70,38452.96,9628.99,43765.25,9208.41,23157.77,13811.57,105313.24,12751.66,72145.52,7694.13,11003.94,18809.29,85526.07,30075.86,42053.98,13583.26,12164.50,3190.53,13358.75,8886.24,23.28,2626.36,1155.59,20039.63,559.86,2551.51,83.46,24003.27,232.99,19232.08,35.58,4908.68,31.11,5301.93,2834.13,1463.17,2199.31
Mar-19,51072.26,47723.12,21818.57,72665.59,20020.90,53358.46,28355.00,53358.46,23200.02,69663.06,15518.38,68399.17,10573.46,42897.99,9561.64,34096.11,19400.13,77906.76,10660.67,88669.60,10195.03,46918.27,15291.38,213367.52,14117.91,146168.80,8518.50,22294.29,20824.57,173278.15,33298.27,85202.51,15038.61,24645.62,3532.38,27065.19,9838.34,47.17,2907.76,2341.25,22186.73,1134.28,2824.88,169.09,26575.05,472.05,21292.66,72.09,5434.61,63.02,5869.99,5742.02,1619.93,4455.86
Apr-19,52774.67,38591.51,21114.74,58761.35,19375.06,43148.56,28953.99,43148.56,22451.63,56333.34,15017.79,55311.29,10232.38,34689.65,9253.20,27571.97,18774.32,62999.65,10316.78,71703.07,9866.16,37940.67,14798.11,172540.60,13662.50,118200.05,8243.71,18028.38,20152.81,140122.16,32224.13,68899.40,14553.49,19929.79,3418.43,21886.39,9520.97,38.14,2813.96,1893.26,21471.03,917.24,2733.76,136.73,25717.79,381.73,20605.80,58.29,5259.30,50.96,5680.63,4643.31,1567.68,3603.25
May-19,51072.26,26781.74,21818.57,40779.20,20020.90,29944.23,29545.45,29944.23,23200.02,39094.21,15518.38,38384.93,10573.46,24073.92,9561.64,19134.39,19400.13,43720.49,10660.67,49760.49,10195.03,26330.06,15291.38,119739.72,14117.91,82028.47,8518.50,12511.33,20824.57,97241.97,33298.27,47814.80,15038.61,13830.87,3532.38,15188.71,9838.34,26.47,2907.76,1313.89,22186.73,636.55,2824.88,94.89,26575.05,264.91,21292.66,40.45,5434.61,35.37,5869.99,3222.36,1619.93,2500.59
Jun-19,52774.67,26975.34,21114.74,41073.99,19375.06,30160.70,30127.49,30160.70,22451.63,39376.82,15017.79,38662.41,10232.38,24247.95,9253.20,19272.72,18774.32,44036.54,10316.78,50120.20,9866.16,26520.40,14798.11,120605.30,13662.50,82621.44,8243.71,12601.78,20152.81,97944.92,32224.13,48160.45,14553.49,13930.85,3418.43,15298.51,9520.97,26.66,2813.96,1323.39,21471.03,641.15,2733.76,95.58,25717.79,266.83,20605.80,40.75,5259.30,35.62,5680.63,3245.66,1567.68,2518.66
Jul-19,52774.67,32944.76,21818.57,50163.33,20020.90,36835.02,30701.80,36835.02,23200.02,48090.59,15518.38,47218.09,10573.46,29613.82,9561.64,23537.61,19400.13,53781.47,10660.67,61211.40,10195.03,32389.15,15291.38,147294.28,14117.91,100904.90,8518.50,15390.45,20824.57,119619.33,33298.27,58817.96,15038.61,17013.64,3532.38,18683.95,9838.34,32.56,2907.76,1616.24,22186.73,783.03,2824.88,116.73,26575.05,325.87,21292.66,49.76,5434.61,43.50,5869.99,3963.89,1619.93,3076.02
Aug-19,51072.26,28459.63,21818.57,43334.04,20020.90,31820.26,31265.53,31820.26,23200.02,41543.49,15518.38,40789.77,10573.46,25582.17,9561.64,20333.18,19400.13,46459.61,10660.67,52878.02,10195.03,27979.66,15291.38,127241.48,14117.91,87167.60,8518.50,13295.18,20824.57,103334.23,33298.27,50810.42,15038.61,14697.39,3532.38,16140.30,9838.34,28.13,2907.76,1396.20,22186.73,676.43,2824.88,100.84,26575.05,281.51,21292.66,42.99,5434.61,37.58,5869.99,3424.25,1619.93,2657.25
Sep-19,52774.67,26878.54,21114.74,40926.60,19375.06,30052.47,31818.53,30052.47,22451.63,39235.51,15017.79,38523.67,10232.38,24160.93,9253.20,19203.55,18774.32,43878.52,10316.78,49940.35,9866.16,26425.23,14798.11,120172.51,13662.50,82324.95,8243.71,12556.55,20152.81,97593.44,32224.13,47987.62,14553.49,13880.86,3418.43,15243.61,9520.97,26.57,2813.96,1318.64,21471.03,638.85,2733.76,95.23,25717.79,265.87,20605.80,40.60,5259.30,35.49,5680.63,3234.01,1567.68,2509.62
Oct-19,51072.26,16811.19,21818.57,25597.55,20020.90,18796.32,32357.99,18796.32,23200.02,24539.86,15518.38,24094.64,10573.46,15111.46,9561.64,12010.87,19400.13,27443.83,10660.67,31235.20,10195.03,16527.67,15291.38,75161.92,14117.91,51490.16,8518.50,7853.50,20824.57,61039.84,33298.27,30013.87,15038.61,8681.79,3532.38,9534.12,9838.34,16.62,2907.76,824.74,22186.73,399.57,2824.88,59.56,26575.05,166.29,21292.66,25.39,5434.61,22.20,5869.99,2022.71,1619.93,1569.65
Nov-19,52774.67,15036.49,21114.74,22895.31,19375.06,16812.06,32886.06,16812.06,22451.63,21949.28,15017.79,21551.06,10232.38,13516.20,9253.20,10742.92,18774.32,24546.69,10316.78,27937.82,9866.16,14782.90,14798.11,67227.36,13662.50,46054.54,8243.71,7024.43,20152.81,54596.09,32224.13,26845.42,14553.49,7765.29,3418.43,8527.64,9520.97,14.86,2813.96,737.68,21471.03,357.39,2733.76,53.28,25717.79,148.73,20605.80,22.71,5259.30,19.86,5680.63,1809.18,1567.68,1403.94
Dec-19,52516.73,14358.88,21818.57,21863.55,20020.90,16054.44,33399.06,16054.44,23200.02,20960.15,15518.38,20579.87,10573.46,12907.10,9561.64,10258.80,19400.13,23440.51,10660.67,26678.82,10195.03,14116.72,15291.38,64197.80,14117.91,43979.12,8518.50,6707.88,20824.57,52135.75,33298.27,25635.64,15038.61,7415.35,3532.38,8143.35,9838.34,14.19,2907.76,704.43,22186.73,341.28,2824.88,50.88,26575.05,142.03,21292.66,21.69,5434.61,18.96,5869.99,1727.65,1619.93,1340.68
,,,,,,,,,,,,,,,,,,,,,,,,,,,,,,,,,,,,,,,,,,,,,,,,,,,,,,
,,,,,,,,,,,,,,,,,,,,,,,,,,,,,,,,,,,,,,,,,,,,,,,,,,,,,,
,,,,,,,,,,,,,,,,,,,,,,,,,,,,,,,,,,,,,,,,,,,,,,,,,,,,,,
,,,,,,,,,,,,,,,,,,,,,,,,,,,,,,,,,,,,,,,,,,,,,,,,,,,,,,
,,,,,,,,,,,,,,,,,,,,,,,,,,,,,,,,,,,,,,,,,,,,,,,,,,,,,,
,,,,,,,,,,,,,,,,,,,,,,,,,,,,,,,,,,,,,,,,,,,,,,,,,,,,,,
,,,,,,,,,,,,,,,,,,,,,,,,,,,,,,,,,,,,,,,,,,,,,,,,,,,,,,
