Bulan/Tahun,Provinsi Jawa Batat,,,,,,,,,,,,,,,,,,,,,,,,,,,,,,,,,,,,,,,,,,,,,,,,,,,,,,,,,,,,,,,,,,,,,,,,,,,,,,,,
,Kabupaten Bogor,,,Kabupaten Sukabumi,,,Kabupaten Cianjur,,,Kabupaten Bandung,,,Kabupaten Garut,,,Kabupaten Tasikmalaya,,,Kabupaten Ciamis,,,Kabupaten Kuningan,,,Kabupaten Cirebon,,,Kabupaten Majalengka,,,Kabupaten Sumedang,,,Kabupaten Indramayu,,,Kabupaten Subang,,,Kabupaten Purwakarta,,,Kabupaten Karawang,,,Kabupaten Bekasi,,,Kabupaten Bandung Barat,,,Kabupaten Pangandaran,,,Kota Bogor,,,Kota Sukabumi,,,Kota Bandung,,,Kota Cirebon,,,Kota Bekasi,,,Kota Depok,,,Kota Cimahi,,,Kota Tasikmalaya,,,Kota Banjar,,
,Konsumsi beras (ton),Produksi beras (ton),Produksi padi (ton),Konsumsi beras (ton),Produksi beras (ton),Produksi padi (ton),Konsumsi beras (ton),Produksi beras (ton),Produksi padi (ton),Konsumsi beras (ton),Produksi beras (ton),Produksi padi (ton),Konsumsi beras (ton),Produksi beras (ton),Produksi padi (ton),Konsumsi beras (ton),Produksi beras (ton),Produksi padi (ton),Konsumsi beras (ton),Produksi beras (ton),Produksi padi (ton),Konsumsi beras (ton),Produksi beras (ton),Produksi padi (ton),Konsumsi beras (ton),Produksi beras (ton),Produksi padi (ton),Konsumsi beras (ton),Produksi beras (ton),Produksi padi (ton),Konsumsi beras (ton),Produksi beras (ton),Produksi padi (ton),Konsumsi beras (ton),Produksi beras (ton),Produksi padi (ton),Konsumsi beras (ton),Produksi beras (ton),Produksi padi (ton),Konsumsi beras (ton),Produksi beras (ton),Produksi padi (ton),Konsumsi beras (ton),Produksi beras (ton),Produksi padi (ton),Konsumsi beras (ton),Produksi beras (ton),Produksi padi (ton),Konsumsi beras (ton),Produksi beras (ton),Produksi padi (ton),Konsumsi beras (ton),Produksi beras (ton),Produksi padi (ton),Konsumsi beras (ton),Produksi beras (ton),Produksi padi (ton),Konsumsi beras (ton),Produksi beras (ton),Produksi padi (ton),Konsumsi beras (ton),Produksi beras (ton),Produksi padi (ton),Konsumsi beras (ton),Produksi beras (ton),Produksi padi (ton),Konsumsi beras (ton),Produksi beras (ton),Produksi padi (ton),Konsumsi beras (ton),Produksi beras (ton),Produksi padi (ton),Konsumsi beras (ton),Produksi beras (ton),Produksi padi (ton),Konsumsi beras (ton),Produksi beras (ton),Produksi padi (ton),Konsumsi beras (ton),Produksi beras (ton),Produksi padi (ton)
17-Jan,45666.58,10374.91,16536.36,21705.56,16122.82,25697.84,19963.55,9763.34,15561.59,29711.42,9763.34,15561.59,22902.89,17841.96,28437.94,15458.14,16276.95,25943.49,10456.73,11398.86,18168.41,9450.14,7514.93,11977.89,19105.3,11052.07,17615.68,10560.62,13129.47,20926.79,10142.26,9382.79,14955.04,15127.94,30023.67,47854.11,13823.17,21628.47,34473.17,8345.49,4369.8,6964.93,20493.47,24626.28,39251.32,30963.93,11326.68,18053.36,14743.25,4876.26,7772.17,3495.35,3668.79,5847.61,9563.45,95.96,152.95,2864.48,453.2,722.34,22098.71,210.37,335.31,2771.92,54.79,87.32,25298.52,80.13,127.71,19945.18,56.2,89.57,5317.79,55.49,88.44,5851.3,1468.49,2340.6,1613.55,838.23,1336.04
17-Feb,50559.43,25078.43,39972,19605.02,38972.38,62117.28,18031.59,23600.14,37615.78,30256.96,23600.14,37615.78,20686.48,43127.93,68740.72,13962.19,39344.94,62711.09,9444.78,27553.54,43917.02,8535.61,18165.23,28953.18,17256.4,26715.28,42580.94,9538.63,31736.8,50584.64,9160.75,22680.26,36149.61,13663.95,72573.76,115673.83,12485.45,52280.73,83329.18,7537.87,10562.75,16835.76,18510.23,59527.09,94879.01,27967.42,27379.05,43638.91,13316.48,11786.98,18787.02,3157.09,8868.26,14134.94,8637.95,231.96,369.72,2587.27,1095.47,1746.05,19960.12,508.52,810.52,2503.67,132.43,211.08,22850.27,193.68,308.7,18015,135.85,216.52,4803.17,134.13,213.79,5285.04,3549.67,5657.75,1457.4,2026.19,3229.5
17-Mar,48928.48,50809.59,80984.36,21705.56,78959.12,125851.32,19963.55,47814.52,76210.59,30792.13,47814.52,76210.59,22902.89,87378.36,139270.58,15458.14,79713.92,127054.38,10456.73,55824.23,88977.09,9450.14,36803.25,58659.94,19105.3,54125.89,86270.14,10560.62,64299.63,102485.86,10142.26,45950.84,73240.09,15127.94,147036.43,234358.36,13823.17,105922.19,168827.21,8345.49,21400.43,34109.71,20493.47,120603.52,192227.47,30963.93,55470.71,88413.63,14743.25,23880.74,38063.03,3495.35,17967.34,28637.78,9563.45,469.96,749.06,2864.48,2219.46,3537.55,22098.71,1030.28,1642.14,2771.92,268.31,427.66,25298.52,392.4,625.44,19945.18,275.23,438.68,5317.79,271.75,433.13,5851.3,7191.73,11462.76,1613.55,4105.12,6543.06
17-Apr,50559.43,41087.4,65488.37,21005.38,63850.65,101770.23,19319.56,38665.43,61628.04,31314.19,38665.43,61628.04,22164.09,70658.9,112621.78,14959.49,64461.02,102743.1,10119.41,45142.51,71951.73,9145.3,29761.11,47435.63,18489,43769.14,69762.74,10219.96,51996.18,82875.65,9815.09,37158.35,59225.93,14639.94,118901.67,189514.94,13377.26,85654.45,136522.88,8076.29,17305.55,27582.97,19832.39,97526.58,155445.61,29965.1,44856.64,71496.08,14267.66,19311.27,30779.84,3382.59,14529.37,23158.07,9254.95,380.04,605.73,2772.08,1794.78,2860.66,21385.85,833.14,1327.92,2682.5,216.97,345.83,24482.44,317.32,505.77,19301.79,222.56,354.74,5146.25,219.75,350.26,5662.54,5815.63,9269.41,1561.5,3319.62,5291.08
17-May,48928.48,28513.83,45447.61,21705.56,44311.07,70626.5,19963.55,26833.03,42768.62,31825.22,26833.03,42768.62,22902.89,49035.86,78157.25,15458.14,44734.65,71301.65,10456.73,31328,49933.06,9450.14,20653.62,32919.37,19105.3,30374.91,48413.94,10560.62,36084.31,57514.04,10142.26,25787.15,41101.61,15127.94,82515.38,131519.57,13823.17,59442.47,94744.14,8345.49,12009.71,19142.03,20493.47,67681.49,107876.13,30963.93,31129.61,49616.85,14743.25,13401.63,21360.59,3495.35,10083.09,16071.23,9563.45,263.74,420.37,2864.48,1245.54,1985.24,22098.71,578.18,921.55,2771.92,150.58,240,25298.52,220.21,350.99,19945.18,154.45,246.18,5317.79,152.5,243.07,5851.3,4035.93,6432.78,1613.55,2303.75,3671.9
17-Jun,50559.43,28719.96,45776.15,21005.38,44631.39,71137.05,19319.56,27027.01,43077.79,32321.67,27027.01,43077.79,22164.09,49390.34,78722.25,14959.49,45058.04,71817.08,10119.41,31554.47,50294.02,9145.3,20802.92,33157.35,18489,30594.48,48763.92,10219.96,36345.16,57929.8,9815.09,25973.56,41398.73,14639.94,83111.87,132470.31,13377.26,59872.18,95429.04,8076.29,12096.52,19280.4,19832.39,68170.75,108655.96,29965.1,31354.64,49975.52,14267.66,13498.51,21515,3382.59,10155.98,16187.41,9254.95,265.64,423.4,2772.08,1254.54,1999.59,21385.85,582.36,928.21,2682.5,151.66,241.73,24482.44,221.8,353.53,19301.79,155.57,247.96,5146.25,153.61,244.83,5662.54,4065.1,6479.29,1561.5,2320.4,3698.44
17-Jul,50559.43,35075.45,55906.04,21705.56,54507.95,86879.1,19963.55,33007.86,52610.56,28355,33007.86,52610.56,22902.89,60320.02,96142.84,15458.14,55029.01,87709.62,10456.73,38537.21,61423.67,9450.14,25406.43,40494.8,19105.3,37364.8,59554.98,10560.62,44388.05,70749.2,10142.26,31721.3,50559.93,15127.94,101503.85,161784.91,13823.17,73121.4,116546.71,8345.49,14773.39,23547,20493.47,83256.38,132700.64,30963.93,38293.17,61034.7,14743.25,16485.62,26276.1,3495.35,12403.42,19769.55,9563.45,324.43,517.1,2864.48,1532.16,2442.08,22098.71,711.23,1133.62,2771.92,185.23,295.23,25298.52,270.89,431.76,19945.18,190,302.83,5317.79,187.6,299.01,5851.3,4964.68,7913.1,1613.55,2833.89,4516.88
17-Aug,48928.48,30300.24,48294.93,21705.56,47087.18,75051.29,19963.55,28514.14,45448.1,28953.99,28514.14,45448.1,22902.89,52107.99,83053.85,15458.14,47537.31,75768.74,10456.73,33290.72,53061.39,9450.14,21947.58,34981.79,19105.3,32277.91,51447.1,10560.62,38345.01,61117.33,10142.26,27402.73,43676.65,15127.94,87685.01,139759.35,13823.17,63166.58,100679.92,8345.49,12762.12,20341.29,20493.47,71921.77,114634.64,30963.93,33079.9,52725.37,14743.25,14241.25,22698.84,3495.35,10714.8,17078.11,9563.45,280.26,446.7,2864.48,1323.57,2109.62,22098.71,614.4,979.29,2771.92,160.01,255.03,25298.52,234.01,372.98,19945.18,164.13,261.61,5317.79,162.06,258.3,5851.3,4288.78,6835.8,1613.55,2448.08,3901.95
17-Sep,50559.43,28616.89,45611.88,21005.38,44471.23,70881.78,19319.56,26930.02,42923.21,29545.45,26930.02,42923.21,22164.09,49213.1,78439.75,14959.49,44896.34,71559.36,10119.41,31441.23,50113.54,9145.3,20728.27,33038.36,18489,30484.7,48588.93,10219.96,36214.73,57721.92,9815.09,25880.36,41250.17,14639.94,82813.62,131994.94,13377.26,59657.32,95086.59,8076.29,12053.12,19211.21,19832.39,67926.12,108266.05,29965.1,31242.13,49796.18,14267.66,13450.07,21437.8,3382.59,10119.54,16129.32,9254.95,264.69,421.89,2772.08,1250.04,1992.41,21385.85,580.27,924.88,2682.5,151.12,240.87,24482.44,221.01,352.26,19301.79,155.01,247.07,5146.25,153.05,243.95,5662.54,4050.52,6456.04,1561.5,2312.08,3685.17
17-Oct,48928.48,17898.44,28527.96,21705.56,27814.54,44333.02,19963.55,16843.39,26846.33,30127.49,16843.39,26846.33,22902.89,30780.34,49060.16,15458.14,28080.43,44756.82,10456.73,19664.92,31343.52,9450.14,12964.5,20663.85,19105.3,19066.66,30389.96,10560.62,22650.51,36102.18,10142.26,16186.87,25799.93,15127.94,51795.8,82556.26,13823.17,37312.68,59471.92,8345.49,7538.62,12015.66,20493.47,42484.4,67715.02,30963.93,19540.39,31145.03,14743.25,8412.35,13408.27,3495.35,6329.27,10088.09,9563.45,165.55,263.87,2864.48,781.84,1246.16,22098.71,362.93,578.47,2771.92,94.52,150.65,25298.52,138.23,220.32,19945.18,96.95,154.53,5317.79,95.73,152.58,5851.3,2533.4,4037.93,1613.55,1446.09,2304.89
17-Nov,50559.43,16008.97,25516.37,21005.38,24878.26,39652.95,19319.56,15065.29,24012.26,30701.8,15065.29,24012.26,22164.09,27530.98,43881.06,14959.49,25116.08,40032.01,10119.41,17588.97,28034.7,9145.3,11595.89,18482.44,18489,17053.86,27181.8,10219.96,20259.38,32291.01,9815.09,14478.09,23076.32,14639.94,46327.91,73841.11,13377.26,33373.73,53193.7,8076.29,6742.8,10747.21,19832.39,37999.49,60566.6,29965.1,17477.59,27857.17,14267.66,7524.29,11992.81,3382.59,5661.11,9023.13,9254.95,148.07,236.01,2772.08,699.3,1114.6,21385.85,324.62,517.4,2682.5,84.54,134.75,24482.44,123.64,197.06,19301.79,86.72,138.22,5146.25,85.62,136.47,5662.54,2265.96,3611.66,1561.5,1293.43,2061.57
17-Dec,50312.31,15287.54,24366.49,21705.56,23757.14,37866.02,19963.55,14386.39,22930.16,31265.53,14386.39,22930.16,22902.89,26290.31,41903.59,15458.14,23984.24,38227.99,10456.73,16796.34,26771.34,9450.14,11073.32,17649.54,19105.3,16285.34,25956.87,10560.62,19346.41,30835.84,10142.26,13825.64,22036.4,15127.94,44240.17,70513.5,13823.17,31869.76,50796.56,8345.49,6438.94,10262.89,20493.47,36287.06,57837.2,30963.93,16689.97,26601.8,14743.25,7185.21,11452.36,3495.35,5406,8616.5,9563.45,141.4,225.38,2864.48,667.79,1064.38,22098.71,309.99,494.08,2771.92,80.73,128.67,25298.52,118.07,188.18,19945.18,82.81,131.99,5317.79,81.76,130.32,5851.3,2163.84,3448.9,1613.55,1235.14,1968.67
18-Jan,46672.59,7035.85,11214.29,21769.21,10070.4,16051.01,19999.21,5168.9,8238.61,31818.53,5168.9,8238.61,23058.24,8937.79,14245.75,15493.32,10093.78,16088.27,10515.54,6119,9752.94,9505.84,6781.49,10808.88,19252.48,10848.46,17291.14,10609.94,11080.69,17661.29,10172.97,6579.61,10487.1,15209.27,27642.31,44058.51,13969.22,19680.34,31368.09,8434.64,3627.51,5781.81,20666.16,22330.4,35591.97,32121.84,10465.78,16681.19,14895.42,3516.04,5604.14,3513.83,4101,6536.51,9703.4,2.24,3.58,2886.55,283.23,451.43,22149.75,154.74,246.64,2798.03,27.47,43.78,25937.85,27.31,43.52,20615.94,7.15,11.4,5377.17,13.76,21.94,5862.96,919.02,1464.8,1617.36,612.45,976.17
18-Feb,51673.22,17007.18,27107.4,19662.51,24342.37,38798.8,18063.8,12494.37,19914.52,32357.99,12494.37,19914.52,20826.8,21604.58,34435.1,13993.97,24398.92,38888.93,9497.91,14790.95,23575,8585.92,16392.35,26127.44,17389.33,26223.1,41796.46,9583.17,26784.45,42691.19,9188.48,15904.35,25349.62,13737.4,66817.5,106499.05,12617.36,47571.68,75823.52,7618.39,8768.47,13975.89,18666.21,53977.46,86033.57,29013.27,25298.07,40322.08,13453.93,8499.03,13546.43,3173.78,9913.02,15800.17,8764.36,5.42,8.65,2607.2,684.63,1091.21,20006.23,374.04,596.18,2527.26,66.39,105.82,23427.73,66,105.2,18620.85,17.28,27.54,4856.8,33.27,53.02,5295.58,2221.46,3540.74,1460.84,1480.43,2359.63
18-Mar,50006.34,34457.02,54920.33,21769.21,49318.3,78607.43,19999.21,25313.93,40347.36,32886.06,25313.93,40347.36,23058.24,43771.47,69766.45,15493.32,49432.97,78790.19,10515.54,29966.88,47763.59,9505.84,33211.36,52934.9,19252.48,53128.72,84680.77,10609.94,54266.03,86493.52,10172.97,32222.65,51359.02,15209.27,135374.09,215769.99,13969.22,96381.52,153620.53,8434.64,17765.17,28315.54,20666.16,109359.82,174306.37,32121.84,51254.58,81693.63,14895.42,17219.27,27445.44,3513.83,20084.06,32011.57,9703.4,10.99,17.52,2886.55,1387.07,2210.83,22149.75,757.82,1207.88,2798.03,134.51,214.39,25937.85,133.73,213.15,20615.94,35.01,55.81,5377.17,67.4,107.43,5862.96,4500.74,7173.64,1617.36,2999.39,4780.67
18-Apr,51673.22,27863.82,44411.58,21066.98,39881.47,63566.25,19354.07,20470.22,32627.07,33399.06,20470.22,32627.07,22314.42,35396,56416.95,14993.54,39974.27,63714.17,10176.33,24232.85,38624.24,9199.2,26856.51,42806.04,18631.43,42962.78,68477.49,10267.69,43882.47,69943.37,9844.81,26056.99,41531.7,14718.65,109470.87,174483.38,13518.6,77939.35,124225.93,8162.56,14365.88,22897.49,19999.51,88434.31,140953.63,31085.65,41447.25,66061.92,14414.92,13924.44,22193.88,3400.48,16241.06,25886.3,9390.38,8.89,14.16,2793.43,1121.66,1787.79,21435.25,612.82,976.76,2707.77,108.77,173.36,25101.14,108.14,172.36,19950.91,28.31,45.13,5203.71,54.5,86.87,5673.84,3639.54,5800.99,1565.19,2425.47,3865.91
18-May,50006.34,19336.93,30820.74,21769.21,27676.94,44113.7,19999.21,14205.92,22642.53,27440.32,14205.92,22642.53,23058.24,24564.11,39152.23,15493.32,27741.4,44216.44,10515.54,16817.11,26804.45,9505.84,18637.88,29706.54,19252.48,29815.3,47522,10609.94,30453.56,48539.3,10172.97,18083.03,28822.17,15209.27,75970.59,121087.96,13969.22,54088.34,86210.3,8434.64,9969.64,15890.4,20666.16,61371.64,97818.99,32121.84,28763.56,45845.65,14895.42,9663.28,15402.11,3513.83,11270.97,17964.57,9703.4,6.17,9.83,2886.55,778.41,1240.69,22149.75,425.28,677.85,2798.03,75.48,120.31,25937.85,75.05,119.62,20615.94,19.65,31.32,5377.17,37.82,60.29,5862.96,2525.77,4025.77,1617.36,1683.23,2682.86
18-Jun,51673.22,19476.72,31043.54,21066.98,27877.01,44432.6,19354.07,14308.62,22806.21,28019.99,14308.62,22806.21,22314.42,24741.68,39435.26,14993.54,27941.99,44536.17,10176.33,16938.68,26998.22,9199.2,18772.61,29921.28,18631.43,30030.84,47865.53,10267.69,30673.7,48890.18,9844.81,18213.75,29030.52,14718.65,76519.77,121963.3,13518.6,54479.34,86833.51,8162.56,10041.71,16005.27,19999.51,61815.29,98526.12,31085.65,28971.49,46177.06,14414.92,9733.14,15513.45,3400.48,11352.45,18094.44,9390.38,6.21,9.9,2793.43,784.04,1249.66,21435.25,428.36,682.75,2707.77,76.03,121.18,25101.14,75.59,120.48,19950.91,19.79,31.54,5203.71,38.1,60.72,5673.84,2544.03,4054.88,1565.19,1695.4,2702.26
18-Jul,51673.22,23786.76,37913.23,21769.21,34045.97,54265.17,19999.21,17475,27853.04,28592.37,17475,27853.04,23058.24,30216.82,48161.96,15493.32,34125.39,54391.77,10515.54,20687.07,32972.7,9505.84,22926.84,36542.62,19252.48,36676.42,58457.79,10609.94,37461.54,59709.18,10172.97,22244.3,35454.74,15209.27,93452.98,148952.78,13969.22,66535.18,106049.06,8434.64,12263.85,19547.1,20666.16,75494.51,120329.15,32121.84,35382.64,56395.67,14895.42,11887,18946.45,3513.83,13864.65,22098.59,9703.4,7.59,12.09,2886.55,957.54,1526.2,22149.75,523.15,833.84,2798.03,92.85,148,25937.85,92.32,147.14,20615.94,24.17,38.52,5377.17,46.53,74.16,5862.96,3107,4952.19,1617.36,2070.57,3300.25
18-Aug,50006.34,20548.4,32751.68,21769.21,29410.91,46877.45,19999.21,15095.93,24061.1,29155.63,15095.93,24061.1,23058.24,26103.07,41605.14,15493.32,29479.59,46986.91,10515.54,17870.71,28483.77,9505.84,19805.56,31567.67,19252.48,31683.25,50499.28,10609.94,32361.49,51580.31,10172.97,19215.94,30627.89,15209.27,80730.19,128674.2,13969.22,57477.01,91611.43,8434.64,10594.24,16885.94,20666.16,65216.61,103947.41,32121.84,30565.61,48717.9,14895.42,10268.69,16367.06,3513.83,11977.11,19090.06,9703.4,6.55,10.45,2886.55,827.18,1318.42,22149.75,451.93,720.32,2798.03,80.21,127.85,25937.85,79.75,127.11,20615.94,20.88,33.28,5377.17,40.19,64.06,5862.96,2684.01,4277.99,1617.36,1788.68,2850.95
18-Sep,51673.22,19406.83,30932.14,21066.98,27776.98,44273.15,19354.07,14257.27,22724.37,29711.42,14257.27,22724.37,22314.42,24652.9,39293.75,14993.54,27841.89,44376.61,10176.33,16877.9,26901.33,9199.2,18705.25,29813.91,18631.43,29923.07,47693.77,10267.69,30563.63,48714.74,9844.81,18148.39,28926.34,14718.65,76245.18,121525.63,13518.6,54283.84,86521.91,8162.56,10005.67,15947.83,19999.51,61593.46,98172.56,31085.65,28867.52,46011.35,14414.92,9698.21,15457.78,3400.48,11311.71,18029.5,9390.38,6.19,9.87,2793.43,781.22,1245.18,21435.25,426.82,680.3,2707.77,75.76,120.75,25101.14,75.32,120.05,19950.91,19.72,31.43,5203.71,37.96,60.5,5673.84,2534.9,4040.33,1565.19,1689.31,2692.56
18-Oct,50006.34,12138,19346.51,21769.21,17373.11,27690.65,19999.21,8917.21,14212.96,30256.96,8917.21,14212.96,23058.24,15419.16,24576.28,15493.32,17413.75,27755.41,10515.54,10556.28,16825.44,9505.84,11699.2,18647.11,19252.48,18715.39,29830.08,10609.94,19116.03,30468.64,10172.97,11350.91,18091.99,15209.27,47687.56,76008.23,13969.22,33951.84,54115.14,8434.64,6258.05,9974.58,20666.16,38523.64,61402.04,32121.84,18055.2,28777.81,14895.42,6065.75,9668.07,3513.83,7074.91,11276.56,9703.4,3.87,6.17,2886.55,488.62,778.8,22149.75,266.95,425.49,2798.03,47.38,75.52,25937.85,47.11,75.08,20615.94,12.33,19.66,5377.17,23.74,37.84,5862.96,1585.45,2527.02,1617.36,1056.58,1684.06
18-Nov,51673.22,10856.64,17304.18,21066.98,15539.1,24767.45,19354.07,7975.86,12712.55,30792.13,7975.86,12712.55,22314.42,13791.42,21981.86,14993.54,15575.47,24825.43,10176.33,9441.9,15049.25,9199.2,10464.16,16678.61,18631.43,16739.68,26681.03,10267.69,17098.02,27252.18,9844.81,10152.64,16182.08,14718.65,42653.37,67984.33,13518.6,30367.67,48402.41,8162.56,5597.41,8921.6,19999.51,34456.85,54920.06,31085.65,16149.18,25739.85,14414.92,5425.41,8647.45,3400.48,6328.04,10086.13,9390.38,3.46,5.52,2793.43,437.04,696.58,21435.25,238.77,380.58,2707.77,42.38,67.55,25101.14,42.13,67.16,19950.91,11.03,17.58,5203.71,21.24,33.85,5673.84,1418.08,2260.25,1565.19,945.04,1506.28
18-Dec,51420.66,10367.39,16524.37,21769.21,14838.84,23651.32,19999.21,7616.43,12139.67,31314.19,7616.43,12139.67,23058.24,13169.92,20991.26,15493.32,14873.6,23706.73,10515.54,9016.4,14371.06,9505.84,9992.6,15927,19252.48,15985.31,25478.66,10609.94,16327.51,26024.08,10172.97,9695.12,15452.85,15209.27,40731.22,64920.65,13969.22,28999.17,46221.19,8434.64,5345.17,8519.55,20666.16,32904.07,52445.12,32121.84,15421.43,24579.9,14895.42,5180.92,8257.76,3513.83,6042.87,9631.61,9703.4,3.31,5.27,2886.55,417.34,665.19,22149.75,228.01,363.43,2798.03,40.47,64.5,25937.85,40.24,64.13,20615.94,10.53,16.79,5377.17,20.28,32.32,5862.96,1354.18,2158.4,1617.36,902.45,1438.4
19-Jan,47667.44,6113.81,9744.68,21818.57,9309.19,14837.73,20020.9,6835.76,10895.37,31825.22,6835.76,10895.37,23200.02,8924.54,14224.64,15518.38,8762.62,13966.56,10573.46,5495.66,8759.43,9561.64,4368.05,6962.15,19400.13,9980.64,15907.94,10660.67,11359.47,18105.62,10195.03,6010.7,9580.34,15291.38,27334.53,43567.95,14117.91,18725.7,29846.5,8518.5,2856.12,4552.32,20824.57,22198.68,35382.02,33298.27,10915.3,17397.67,15038.61,3157.35,5032.44,3532.38,3467.32,5526.5,9838.34,6.04,9.63,2907.76,299.94,478.06,22186.73,145.31,231.61,2824.88,21.66,34.53,26575.05,60.47,96.39,21292.66,9.24,14.72,5434.61,8.07,12.87,5869.99,735.61,1172.47,1619.93,570.84,909.85
19-Feb,52774.67,14778.42,23555.02,19707.09,22502.36,35866.04,18083.39,16523.52,26336.5,32321.67,16523.52,26336.5,20954.85,21572.56,34384.06,14016.61,21181.17,33760.24,9550.22,13284.22,21173.45,8636.32,10558.54,16829.05,17522.7,24125.39,38452.96,9628.99,27458.32,43765.25,9208.41,14529.18,23157.77,13811.57,66073.53,105313.24,12751.66,45264.1,72145.52,7694.13,6903.87,11003.94,18809.29,53659.05,85526.07,30075.86,26384.67,42053.98,13583.26,7632.01,12164.5,3190.53,8381.28,13358.75,8886.24,14.61,23.28,2626.36,725.02,1155.59,20039.63,351.25,559.86,2551.51,52.36,83.46,24003.27,146.18,232.99,19232.08,22.32,35.58,4908.68,19.52,31.11,5301.93,1778.13,2834.13,1463.17,1379.85,2199.31
19-Mar,51072.26,29941.48,47723.12,21818.57,45590.39,72665.59,20020.9,33477.1,53358.46,28355,33477.1,53358.46,23200.02,43706.6,69663.06,15518.38,42913.64,68399.17,10573.46,26914.2,42897.99,9561.64,21391.9,34096.11,19400.13,48878.7,77906.76,10660.67,55631.3,88669.6,10195.03,29436.52,46918.27,15291.38,133866.78,213367.52,14117.91,91706.3,146168.8,8518.5,13987.44,22294.29,20824.57,108714.71,173278.15,33298.27,53456.06,85202.51,15038.61,15462.66,24645.62,3532.38,16980.7,27065.19,9838.34,29.59,47.17,2907.76,1468.9,2341.25,22186.73,711.65,1134.28,2824.88,106.09,169.09,26575.05,296.17,472.05,21292.66,45.23,72.09,5434.61,39.54,63.02,5869.99,3602.54,5742.02,1619.93,2795.61,4455.86
19-Apr,52774.67,24212.32,38591.51,21114.74,36866.87,58761.35,19375.06,27071.41,43148.56,28953.99,27071.41,43148.56,22451.63,35343.54,56333.34,15017.79,34702.31,55311.29,10232.38,21764.29,34689.65,9253.2,17298.65,27571.97,18774.32,39525.98,62999.65,10316.78,44986.5,71703.07,9866.16,23803.98,37940.67,14798.11,108251.97,172540.6,13662.5,74158.71,118200.05,8243.71,11311,18028.38,20152.81,87912.64,140122.16,32224.13,43227.48,68899.4,14553.49,12503.95,19929.79,3418.43,13731.52,21886.39,9520.97,23.93,38.14,2813.96,1187.83,1893.26,21471.03,575.48,917.24,2733.76,85.79,136.73,25717.79,239.5,381.73,20605.8,36.57,58.29,5259.3,31.97,50.96,5680.63,2913.21,4643.31,1567.68,2260.68,3603.25
19-May,51072.26,16802.86,26781.74,21818.57,25584.87,40779.2,20020.9,18787.01,29944.23,29545.45,18787.01,29944.23,23200.02,24527.71,39094.21,15518.38,24082.7,38384.93,10573.46,15103.98,24073.92,9561.64,12004.92,19134.39,19400.13,27430.24,43720.49,10660.67,31219.73,49760.49,10195.03,16519.48,26330.06,15291.38,75124.7,119739.72,14117.91,51464.66,82028.47,8518.5,7849.61,12511.33,20824.57,61009.61,97241.97,33298.27,29999,47814.8,15038.61,8677.49,13830.87,3532.38,9529.4,15188.71,9838.34,16.61,26.47,2907.76,824.33,1313.89,22186.73,399.37,636.55,2824.88,59.53,94.89,26575.05,166.21,264.91,21292.66,25.38,40.45,5434.61,22.19,35.37,5869.99,2021.71,3222.36,1619.93,1568.87,2500.59
19-Jun,52774.67,16924.33,26975.34,21114.74,25769.82,41073.99,19375.06,18922.82,30160.7,30127.49,18922.82,30160.7,22451.63,24705.02,39376.82,15017.79,24256.8,38662.41,10232.38,15213.16,24247.95,9253.2,12091.7,19272.72,18774.32,27628.53,44036.54,10316.78,31445.42,50120.2,9866.16,16638.9,26520.4,14798.11,75667.77,120605.3,13662.5,51836.69,82621.44,8243.71,7906.35,12601.78,20152.81,61450.64,97944.92,32224.13,30215.86,48160.45,14553.49,8740.22,13930.85,3418.43,9598.29,15298.51,9520.97,16.73,26.66,2813.96,830.29,1323.39,21471.03,402.26,641.15,2733.76,59.97,95.58,25717.79,167.41,266.83,20605.8,25.56,40.75,5259.3,22.35,35.62,5680.63,2036.33,3245.66,1567.68,1580.21,2518.66
19-Jul,52774.67,20669.54,32944.76,21818.57,31472.47,50163.33,20020.9,23110.29,36835.02,30701.8,23110.29,36835.02,23200.02,30172.04,48090.59,15518.38,29624.63,47218.09,10573.46,18579.71,29613.82,9561.64,14767.5,23537.61,19400.13,33742.5,53781.47,10660.67,38404.03,61211.4,10195.03,20320.95,32389.15,15291.38,92412.43,147294.28,14117.91,63307.73,100904.9,8518.5,9655.97,15390.45,20824.57,75049.17,119619.33,33298.27,36902.39,58817.96,15038.61,10674.36,17013.64,3532.38,11722.31,18683.95,9838.34,20.43,32.56,2907.76,1014.03,1616.24,22186.73,491.27,783.03,2824.88,73.23,116.73,26575.05,204.45,325.87,21292.66,31.22,49.76,5434.61,27.29,43.5,5869.99,2486.95,3963.89,1619.93,1929.9,3076.02
19-Aug,51072.26,17855.57,28459.63,21818.57,27187.78,43334.04,20020.9,19964.03,31820.26,31265.53,19964.03,31820.26,23200.02,26064.38,41543.49,15518.38,25591.5,40789.77,10573.46,16050.25,25582.17,9561.64,12757.03,20333.18,19400.13,29148.76,46459.61,10660.67,33175.67,52878.02,10195.03,17554.44,27979.66,15291.38,79831.31,127241.48,14117.91,54688.95,87167.6,8518.5,8341.39,13295.18,20824.57,64831.9,103334.23,33298.27,31878.46,50810.42,15038.61,9221.14,14697.39,3532.38,10126.42,16140.3,9838.34,17.65,28.13,2907.76,875.98,1396.2,22186.73,424.39,676.43,2824.88,63.26,100.84,26575.05,176.62,281.51,21292.66,26.97,42.99,5434.61,23.58,37.58,5869.99,2148.37,3424.25,1619.93,1667.16,2657.25
19-Sep,52774.67,16863.59,26878.54,21114.74,25677.35,40926.6,19375.06,18854.92,30052.47,31818.53,18854.92,30052.47,22451.63,24616.36,39235.51,15017.79,24169.75,38523.67,10232.38,15158.57,24160.93,9253.2,12048.31,19203.55,18774.32,27529.38,43878.52,10316.78,31332.57,49940.35,9866.16,16579.19,26425.23,14798.11,75396.23,120172.51,13662.5,51650.68,82324.95,8243.71,7877.98,12556.55,20152.81,61230.13,97593.44,32224.13,30107.43,47987.62,14553.49,8708.85,13880.86,3418.43,9563.84,15243.61,9520.97,16.67,26.57,2813.96,827.31,1318.64,21471.03,400.81,638.85,2733.76,59.75,95.23,25717.79,166.81,265.87,20605.8,25.47,40.6,5259.3,22.27,35.49,5680.63,2029.02,3234.01,1567.68,1574.54,2509.62
19-Oct,51072.26,10547.34,16811.19,21818.57,16059.9,25597.55,20020.9,11792.81,18796.32,32357.99,11792.81,18796.32,23200.02,15396.31,24539.86,15518.38,15116.97,24094.64,10573.46,9480.93,15111.46,9561.64,7535.62,12010.87,19400.13,17218.26,27443.83,10660.67,19596.96,31235.2,10195.03,10369.46,16527.67,15291.38,47156.59,75161.92,14117.91,32304.92,51490.16,8518.5,4927.29,7853.5,20824.57,38296.39,61039.84,33298.27,18830.7,30013.87,15038.61,5446.95,8681.79,3532.38,5981.71,9534.12,9838.34,10.42,16.62,2907.76,517.44,824.74,22186.73,250.69,399.57,2824.88,37.37,59.56,26575.05,104.33,166.29,21292.66,15.93,25.39,5434.61,13.93,22.2,5869.99,1269.05,2022.71,1619.93,984.8,1569.65
19-Nov,52774.67,9433.9,15036.49,21114.74,14364.52,22895.31,19375.06,10547.89,16812.06,32886.06,10547.89,16812.06,22451.63,13770.98,21949.28,15017.79,13521.13,21551.06,10232.38,8480.06,13516.2,9253.2,6740.11,10742.92,18774.32,15400.59,24546.69,10316.78,17528.19,27937.82,9866.16,9274.79,14782.9,14798.11,42178.44,67227.36,13662.5,28894.62,46054.54,8243.71,4407.13,7024.43,20152.81,34253.59,54596.09,32224.13,16842.81,26845.42,14553.49,4871.94,7765.29,3418.43,5350.24,8527.64,9520.97,9.32,14.86,2813.96,462.82,737.68,21471.03,224.22,357.39,2733.76,33.43,53.28,25717.79,93.32,148.73,20605.8,14.25,22.71,5259.3,12.46,19.86,5680.63,1135.08,1809.18,1567.68,880.83,1403.94
19-Dec,52516.73,9008.76,14358.88,21818.57,13717.19,21863.55,20020.9,10072.56,16054.44,33399.06,10072.56,16054.44,23200.02,13150.4,20960.15,15518.38,12911.81,20579.87,10573.46,8097.92,12907.1,9561.64,6436.37,10258.8,19400.13,14706.57,23440.51,10660.67,16738.29,26678.82,10195.03,8856.83,14116.72,15291.38,40277.7,64197.8,14117.91,27592.5,43979.12,8518.5,4208.53,6707.88,20824.57,32709.97,52135.75,33298.27,16083.8,25635.64,15038.61,4652.39,7415.35,3532.38,5109.14,8143.35,9838.34,8.9,14.19,2907.76,441.96,704.43,22186.73,214.12,341.28,2824.88,31.92,50.88,26575.05,89.11,142.03,21292.66,13.61,21.69,5434.61,11.9,18.96,5869.99,1083.93,1727.65,1619.93,841.14,1340.68
